date,money
27.08.2004,532.065
30.08.2004,536.24
31.08.2004,544.35
01.09.2004,546.83
02.09.2004,551.695
03.09.2004,553.445
06.09.2004,558.66
07.09.2004,563.815
08.09.2004,562.89
09.09.2004,564.18
10.09.2004,570.22
13.09.2004,572.71
14.09.2004,575.335
15.09.2004,580.755
16.09.2004,581.225
17.09.2004,576.945
20.09.2004,582.14
21.09.2004,587.595
22.09.2004,589.895
23.09.2004,586.685
24.09.2004,588.555
27.09.2004,592.155
28.09.2004,596.795
29.09.2004,606.84
30.09.2004,609.56
01.10.2004,627.12
04.10.2004,648.145
05.10.2004,674.0
06.10.2004,697.995
07.10.2004,707.325
08.10.2004,705.615
11.10.2004,682.325
12.10.2004,652.015
13.10.2004,638.055
14.10.2004,635.58
15.10.2004,629.235
18.10.2004,635.2
19.10.2004,638.26
20.10.2004,619.625
21.10.2004,607.545
22.10.2004,617.335
25.10.2004,620.37
26.10.2004,618.14
27.10.2004,636.45
28.10.2004,631.44
29.10.2004,628.705
01.11.2004,630.535
02.11.2004,614.84
03.11.2004,621.975
04.11.2004,622.835
05.11.2004,634.355
09.11.2004,639.795
10.11.2004,631.365
11.11.2004,627.615
12.11.2004,625.595
15.11.2004,628.585
16.11.2004,627.39
17.11.2004,635.97
18.11.2004,641.305
19.11.2004,625.955
22.11.2004,614.445
23.11.2004,606.48
24.11.2004,594.95
25.11.2004,576.09
26.11.2004,578.41
29.11.2004,574.3
30.11.2004,574.045
01.12.2004,559.81
02.12.2004,546.58
03.12.2004,543.48
06.12.2004,532.985
07.12.2004,547.63
08.12.2004,533.195
09.12.2004,512.79
10.12.2004,496.685
14.12.2004,507.065
15.12.2004,515.94
16.12.2004,517.185
17.12.2004,504.095
20.12.2004,501.28
21.12.2004,525.055
22.12.2004,530.88
23.12.2004,538.06
24.12.2004,545.505
27.12.2004,551.06
28.12.2004,551.3
29.12.2004,543.195
30.12.2004,549.135
11.01.2005,549.49
12.01.2005,545.155
13.01.2005,543.18
14.01.2005,548.49
17.01.2005,551.2
18.01.2005,540.94
19.01.2005,538.705
20.01.2005,538.12
21.01.2005,536.03
24.01.2005,543.125
25.01.2005,553.38
26.01.2005,552.01
27.01.2005,555.225
28.01.2005,562.9
31.01.2005,575.845
01.02.2005,578.31
02.02.2005,587.18
03.02.2005,592.18
04.02.2005,591.075
07.02.2005,593.75
08.02.2005,590.575
09.02.2005,594.915
10.02.2005,586.825
11.02.2005,586.63
14.02.2005,587.605
15.02.2005,588.495
16.02.2005,594.345
17.02.2005,596.985
18.02.2005,598.77
21.02.2005,603.055
22.02.2005,604.02
24.02.2005,611.605
25.02.2005,622.595
28.02.2005,629.365
01.03.2005,628.885
02.03.2005,618.24
03.03.2005,610.275
04.03.2005,615.745
05.03.2005,624.315
09.03.2005,625.74
10.03.2005,614.05
11.03.2005,603.035
14.03.2005,602.675
15.03.2005,599.155
16.03.2005,585.05
17.03.2005,578.94
18.03.2005,585.865
21.03.2005,578.205
22.03.2005,576.415
23.03.2005,575.18
24.03.2005,585.82
25.03.2005,601.06
28.03.2005,600.1
29.03.2005,599.06
30.03.2005,590.805
31.03.2005,594.785
01.04.2005,603.505
04.04.2005,609.89
05.04.2005,608.52
06.04.2005,619.26
07.04.2005,627.98
08.04.2005,628.93
11.04.2005,618.29
12.04.2005,611.855
13.04.2005,619.99
14.04.2005,610.575
15.04.2005,604.255
18.04.2005,594.525
19.04.2005,594.81
20.04.2005,598.915
21.04.2005,597.94
22.04.2005,608.18
25.04.2005,614.65
26.04.2005,609.065
27.04.2005,600.425
28.04.2005,597.155
29.04.2005,595.1
03.05.2005,596.25
04.05.2005,598.475
05.05.2005,601.125
06.05.2005,597.9
11.05.2005,592.86
12.05.2005,585.07
13.05.2005,576.985
14.05.2005,579.205
16.05.2005,571.61
17.05.2005,575.125
18.05.2005,586.885
19.05.2005,588.75
20.05.2005,585.705
23.05.2005,585.75
24.05.2005,596.2
25.05.2005,600.87
26.05.2005,597.81
27.05.2005,599.335
30.05.2005,595.375
31.05.2005,600.155
01.06.2005,600.905
02.06.2005,605.085
03.06.2005,607.155
06.06.2005,605.945
07.06.2005,605.9
08.06.2005,606.39
09.06.2005,606.66
10.06.2005,608.75
14.06.2005,616.05
15.06.2005,619.415
16.06.2005,619.205
17.06.2005,620.62
20.06.2005,625.65
21.06.2005,621.555
22.06.2005,624.66
23.06.2005,630.815
24.06.2005,631.75
27.06.2005,630.205
28.06.2005,627.295
29.06.2005,631.58
30.06.2005,636.17
01.07.2005,644.51
04.07.2005,653.215
05.07.2005,652.195
06.07.2005,663.395
07.07.2005,667.71
08.07.2005,678.255
11.07.2005,683.895
12.07.2005,678.465
13.07.2005,682.85
14.07.2005,685.45
15.07.2005,677.855
18.07.2005,674.925
19.07.2005,675.205
20.07.2005,684.53
21.07.2005,688.085
22.07.2005,691.1
25.07.2005,700.23
26.07.2005,697.16
27.07.2005,696.925
28.07.2005,698.615
29.07.2005,703.625
01.08.2005,697.66
02.08.2005,707.15
03.08.2005,705.005
04.08.2005,703.74
05.08.2005,712.46
08.08.2005,716.36
09.08.2005,720.47
10.08.2005,722.26
11.08.2005,717.115
12.08.2005,706.43
15.08.2005,709.08
16.08.2005,726.405
17.08.2005,740.35
18.08.2005,742.46
19.08.2005,748.82
22.08.2005,758.275
23.08.2005,761.345
24.08.2005,760.325
25.08.2005,762.015
26.08.2005,768.74
29.08.2005,769.24
30.08.2005,780.715
31.08.2005,775.33
01.09.2005,792.3
02.09.2005,797.095
05.09.2005,803.57
06.09.2005,784.75
07.09.2005,763.9
08.09.2005,765.345
09.09.2005,784.58
12.09.2005,795.29
13.09.2005,790.415
14.09.2005,783.225
15.09.2005,796.11
16.09.2005,804.77
19.09.2005,822.495
20.09.2005,841.05
21.09.2005,842.15
22.09.2005,865.66
23.09.2005,862.675
26.09.2005,856.245
27.09.2005,872.875
28.09.2005,889.005
29.09.2005,886.525
30.09.2005,887.2
03.10.2005,913.14
04.10.2005,945.015
05.10.2005,917.645
06.10.2005,869.575
07.10.2005,845.385
10.10.2005,858.655
11.10.2005,884.025
12.10.2005,887.575
13.10.2005,842.725
14.10.2005,824.7
17.10.2005,815.59
18.10.2005,826.83
19.10.2005,803.635
20.10.2005,795.23
21.10.2005,787.31
24.10.2005,810.75
25.10.2005,819.135
26.10.2005,816.33
27.10.2005,809.02
28.10.2005,806.625
31.10.2005,831.03
01.11.2005,847.24
02.11.2005,858.885
03.11.2005,876.735
07.11.2005,877.14
08.11.2005,878.45
09.11.2005,889.25
10.11.2005,883.1
11.11.2005,874.945
14.11.2005,892.165
15.11.2005,906.41
16.11.2005,899.59
17.11.2005,919.87
18.11.2005,928.015
21.11.2005,936.475
22.11.2005,928.515
23.11.2005,926.275
24.11.2005,926.43
25.11.2005,933.82
28.11.2005,947.36
29.11.2005,934.32
30.11.2005,939.105
01.12.2005,957.45
02.12.2005,981.34
05.12.2005,990.545
06.12.2005,981.855
07.12.2005,990.315
08.12.2005,983.29
09.12.2005,997.84
12.12.2005,1000.545
13.12.2005,1000.135
14.12.2005,997.8
15.12.2005,998.415
16.12.2005,994.88
19.12.2005,997.08
20.12.2005,988.535
21.12.2005,999.095
22.12.2005,1011.79
23.12.2005,1023.91
26.12.2005,1019.075
27.12.2005,1017.61
28.12.2005,1005.545
29.12.2005,1009.38
30.12.2005,1012.38
10.01.2006,1040.15
11.01.2006,1073.765
12.01.2006,1112.05
13.01.2006,1120.4
16.01.2006,1131.845
17.01.2006,1139.8
18.01.2006,1104.2
19.01.2006,1118.775
20.01.2006,1161.51
23.01.2006,1152.815
24.01.2006,1153.955
25.01.2006,1169.455
26.01.2006,1185.925
27.01.2006,1207.08
30.01.2006,1212.545
31.01.2006,1188.59
01.02.2006,1179.735
02.02.2006,1195.28
03.02.2006,1177.235
06.02.2006,1179.615
07.02.2006,1188.145
08.02.2006,1185.38
09.02.2006,1220.96
10.02.2006,1233.145
13.02.2006,1230.655
14.02.2006,1252.06
15.02.2006,1236.24
16.02.2006,1246.29
17.02.2006,1278.055
20.02.2006,1319.79
21.02.2006,1333.365
22.02.2006,1331.97
26.02.2006,1375.305
27.02.2006,1397.045
28.02.2006,1358.045
01.03.2006,1324.97
02.03.2006,1343.205
03.03.2006,1354.835
06.03.2006,1348.465
07.03.2006,1296.945
09.03.2006,1234.065
10.03.2006,1227.5
13.03.2006,1254.2
14.03.2006,1258.89
15.03.2006,1247.115
16.03.2006,1247.145
17.03.2006,1274.485
20.03.2006,1284.385
21.03.2006,1262.68
22.03.2006,1267.855
23.03.2006,1289.415
24.03.2006,1281.1
27.03.2006,1298.03
28.03.2006,1281.66
29.03.2006,1259.79
30.03.2006,1274.035
31.03.2006,1299.19
03.04.2006,1308.055
04.04.2006,1314.635
05.04.2006,1323.15
06.04.2006,1348.6
07.04.2006,1356.22
10.04.2006,1385.48
11.04.2006,1417.44
12.04.2006,1397.945
13.04.2006,1409.295
14.04.2006,1404.415
17.04.2006,1421.985
18.04.2006,1437.665
19.04.2006,1451.93
20.04.2006,1456.275
21.04.2006,1447.75
24.04.2006,1465.28
25.04.2006,1463.415
26.04.2006,1478.03
27.04.2006,1477.54
28.04.2006,1464.28
02.05.2006,1514.46
03.05.2006,1544.295
04.05.2006,1538.565
05.05.2006,1561.495
06.05.2006,1573.795
10.05.2006,1577.73
11.05.2006,1529.08
12.05.2006,1508.63
15.05.2006,1435.21
16.05.2006,1381.135
17.05.2006,1388.825
18.05.2006,1308.05
19.05.2006,1298.455
22.05.2006,1197.24
23.05.2006,1194.46
24.05.2006,1224.34
25.05.2006,1237.595
26.05.2006,1311.555
29.05.2006,1340.165
30.05.2006,1300.36
31.05.2006,1286.07
01.06.2006,1284.205
02.06.2006,1332.035
05.06.2006,1366.21
06.06.2006,1319.005
07.06.2006,1256.87
08.06.2006,1221.9
09.06.2006,1201.455
13.06.2006,1134.925
14.06.2006,1106.735
15.06.2006,1176.31
16.06.2006,1206.985
19.06.2006,1198.515
20.06.2006,1200.985
21.06.2006,1224.605
22.06.2006,1228.045
23.06.2006,1195.865
26.06.2006,1193.05
27.06.2006,1229.96
28.06.2006,1246.365
29.06.2006,1278.925
30.06.2006,1318.49
03.07.2006,1345.82
04.07.2006,1357.0
05.07.2006,1339.53
06.07.2006,1340.71
07.07.2006,1369.35
10.07.2006,1368.84
11.07.2006,1377.975
12.07.2006,1382.0
13.07.2006,1336.315
14.07.2006,1299.875
17.07.2006,1292.93
18.07.2006,1278.205
19.07.2006,1305.725
20.07.2006,1341.24
21.07.2006,1319.805
24.07.2006,1321.765
25.07.2006,1343.505
26.07.2006,1342.605
27.07.2006,1369.055
28.07.2006,1381.28
31.07.2006,1389.605
01.08.2006,1383.655
02.08.2006,1384.53
03.08.2006,1395.055
04.08.2006,1431.765
07.08.2006,1436.61
08.08.2006,1439.94
09.08.2006,1450.385
10.08.2006,1451.22
11.08.2006,1467.465
14.08.2006,1484.855
15.08.2006,1456.585
16.08.2006,1479.495
17.08.2006,1477.81
18.08.2006,1432.15
21.08.2006,1419.84
22.08.2006,1443.98
23.08.2006,1453.115
24.08.2006,1447.125
25.08.2006,1450.595
28.08.2006,1451.075
29.08.2006,1458.26
30.08.2006,1458.495
31.08.2006,1458.93
01.09.2006,1442.525
04.09.2006,1442.32
05.09.2006,1462.455
06.09.2006,1462.255
07.09.2006,1421.005
08.09.2006,1404.575
11.09.2006,1374.72
12.09.2006,1360.325
13.09.2006,1376.515
14.09.2006,1395.955
15.09.2006,1380.425
18.09.2006,1378.93
19.09.2006,1391.985
20.09.2006,1375.87
21.09.2006,1357.49
22.09.2006,1328.35
25.09.2006,1276.795
26.09.2006,1280.625
27.09.2006,1324.525
28.09.2006,1353.15
29.09.2006,1365.56
02.10.2006,1371.745
03.10.2006,1350.105
04.10.2006,1325.01
05.10.2006,1367.24
06.10.2006,1376.555
09.10.2006,1389.975
10.10.2006,1407.655
11.10.2006,1402.615
12.10.2006,1408.775
13.10.2006,1426.69
16.10.2006,1438.76
17.10.2006,1439.725
18.10.2006,1437.235
19.10.2006,1446.96
20.10.2006,1451.71
23.10.2006,1436.415
24.10.2006,1430.45
25.10.2006,1436.74
26.10.2006,1450.22
27.10.2006,1432.205
30.10.2006,1417.755
31.10.2006,1413.285
01.11.2006,1442.52
02.11.2006,1444.41
03.11.2006,1444.39
07.11.2006,1470.69
08.11.2006,1476.5
09.11.2006,1491.24
10.11.2006,1497.02
13.11.2006,1503.28
14.11.2006,1498.965
15.11.2006,1502.99
16.11.2006,1509.54
17.11.2006,1502.28
20.11.2006,1495.885
21.11.2006,1501.79
22.11.2006,1511.425
23.11.2006,1510.675
24.11.2006,1515.235
27.11.2006,1522.96
28.11.2006,1513.46
29.11.2006,1534.31
30.11.2006,1551.99
01.12.2006,1555.97
04.12.2006,1557.52
05.12.2006,1576.83
06.12.2006,1592.395
07.12.2006,1605.775
08.12.2006,1608.78
11.12.2006,1612.26
12.12.2006,1614.46
13.12.2006,1590.11
14.12.2006,1607.385
15.12.2006,1622.085
18.12.2006,1627.965
19.12.2006,1607.145
20.12.2006,1617.61
21.12.2006,1622.335
22.12.2006,1626.86
25.12.2006,1616.15
26.12.2006,1615.33
27.12.2006,1627.355
28.12.2006,1663.605
29.12.2006,1687.8
09.01.2007,1630.58
10.01.2007,1554.75
11.01.2007,1582.36
12.01.2007,1592.075
15.01.2007,1622.2
16.01.2007,1658.28
17.01.2007,1626.18
18.01.2007,1626.62
19.01.2007,1606.515
22.01.2007,1636.325
23.01.2007,1654.845
24.01.2007,1674.4
25.01.2007,1678.89
26.01.2007,1673.195
29.01.2007,1662.735
30.01.2007,1625.99
31.01.2007,1656.66
01.02.2007,1682.205
02.02.2007,1697.2
05.02.2007,1706.415
06.02.2007,1721.91
07.02.2007,1726.74
08.02.2007,1701.545
09.02.2007,1694.005
12.02.2007,1667.355
13.02.2007,1648.975
14.02.2007,1685.355
15.02.2007,1696.485
16.02.2007,1687.47
19.02.2007,1703.705
20.02.2007,1692.655
21.02.2007,1692.81
22.02.2007,1713.17
26.02.2007,1742.645
27.02.2007,1713.745
28.02.2007,1645.485
01.03.2007,1613.06
02.03.2007,1587.58
05.03.2007,1538.005
06.03.2007,1555.075
07.03.2007,1566.26
09.03.2007,1595.535
12.03.2007,1617.41
13.03.2007,1613.58
14.03.2007,1571.575
15.03.2007,1589.91
16.03.2007,1610.635
19.03.2007,1628.795
20.03.2007,1637.225
21.03.2007,1639.835
22.03.2007,1667.485
23.03.2007,1687.59
26.03.2007,1705.575
27.03.2007,1689.41
28.03.2007,1693.165
29.03.2007,1707.105
30.03.2007,1710.425
02.04.2007,1689.08
03.04.2007,1695.655
04.04.2007,1707.945
05.04.2007,1711.575
06.04.2007,1723.01
09.04.2007,1743.14
10.04.2007,1747.98
11.04.2007,1759.02
12.04.2007,1742.54
13.04.2007,1753.475
16.04.2007,1770.525
17.04.2007,1760.385
18.04.2007,1742.85
19.04.2007,1698.915
20.04.2007,1718.01
23.04.2007,1748.18
24.04.2007,1733.095
25.04.2007,1729.165
26.04.2007,1740.615
27.04.2007,1698.84
28.04.2007,1687.76
02.05.2007,1687.46
03.05.2007,1690.235
04.05.2007,1698.34
07.05.2007,1700.795
08.05.2007,1691.98
10.05.2007,1681.785
11.05.2007,1642.965
14.05.2007,1628.02
15.05.2007,1616.495
16.05.2007,1619.51
17.05.2007,1632.515
18.05.2007,1633.5
21.05.2007,1653.89
22.05.2007,1645.965
23.05.2007,1620.43
24.05.2007,1570.615
25.05.2007,1573.19
28.05.2007,1571.53
29.05.2007,1546.405
30.05.2007,1505.225
31.05.2007,1543.46
01.06.2007,1588.58
04.06.2007,1611.135
05.06.2007,1621.975
06.06.2007,1612.93
07.06.2007,1600.5
08.06.2007,1580.365
09.06.2007,1593.01
13.06.2007,1597.22
14.06.2007,1636.77
15.06.2007,1665.15
18.06.2007,1681.65
19.06.2007,1679.215
20.06.2007,1686.945
21.06.2007,1686.425
22.06.2007,1677.055
25.06.2007,1665.24
26.06.2007,1661.835
27.06.2007,1661.14
28.06.2007,1666.175
29.06.2007,1667.79
02.07.2007,1674.82
03.07.2007,1696.765
04.07.2007,1705.0
05.07.2007,1717.91
06.07.2007,1727.52
09.07.2007,1745.34
10.07.2007,1737.71
11.07.2007,1726.82
12.07.2007,1763.375
13.07.2007,1796.605
16.07.2007,1788.025
17.07.2007,1778.975
18.07.2007,1772.87
19.07.2007,1785.225
20.07.2007,1800.64
23.07.2007,1793.81
24.07.2007,1788.84
25.07.2007,1764.835
26.07.2007,1756.55
27.07.2007,1700.955
30.07.2007,1706.81
31.07.2007,1719.855
01.08.2007,1706.095
02.08.2007,1703.01
03.08.2007,1717.58
06.08.2007,1697.835
07.08.2007,1699.255
08.08.2007,1708.83
09.08.2007,1703.57
10.08.2007,1651.265
13.08.2007,1662.905
14.08.2007,1675.27
15.08.2007,1656.67
16.08.2007,1611.59
17.08.2007,1603.6
20.08.2007,1633.965
21.08.2007,1605.53
22.08.2007,1615.545
23.08.2007,1644.965
24.08.2007,1628.44
27.08.2007,1648.26
28.08.2007,1648.41
29.08.2007,1629.95
30.08.2007,1651.255
31.08.2007,1661.13
03.09.2007,1677.725
04.09.2007,1669.0
05.09.2007,1662.145
06.09.2007,1665.27
07.09.2007,1653.495
10.09.2007,1638.36
11.09.2007,1646.32
12.09.2007,1644.78
13.09.2007,1651.34
14.09.2007,1660.895
17.09.2007,1649.895
18.09.2007,1659.68
19.09.2007,1700.06
20.09.2007,1717.655
21.09.2007,1719.775
24.09.2007,1730.735
25.09.2007,1719.44
26.09.2007,1724.42
27.09.2007,1752.68
28.09.2007,1756.9
01.10.2007,1741.88
02.10.2007,1764.795
03.10.2007,1790.35
04.10.2007,1776.705
05.10.2007,1792.53
08.10.2007,1809.95
09.10.2007,1813.545
10.10.2007,1827.275
11.10.2007,1833.655
12.10.2007,1835.365
15.10.2007,1843.485
16.10.2007,1830.075
17.10.2007,1819.36
18.10.2007,1813.095
19.10.2007,1805.11
22.10.2007,1781.89
23.10.2007,1786.875
24.10.2007,1792.715
25.10.2007,1810.075
26.10.2007,1835.955
29.10.2007,1869.785
30.10.2007,1858.595
31.10.2007,1862.525
01.11.2007,1879.87
02.11.2007,1865.09
06.11.2007,1893.3
07.11.2007,1907.885
08.11.2007,1900.085
09.11.2007,1910.835
12.11.2007,1894.09
13.11.2007,1875.875
14.11.2007,1871.855
15.11.2007,1866.295
16.11.2007,1841.94
19.11.2007,1826.66
20.11.2007,1806.2
21.11.2007,1797.36
22.11.2007,1778.54
23.11.2007,1781.345
26.11.2007,1809.66
27.11.2007,1802.77
28.11.2007,1795.935
29.11.2007,1825.335
30.11.2007,1837.845
03.12.2007,1847.04
04.12.2007,1840.365
05.12.2007,1864.64
06.12.2007,1897.855
07.12.2007,1905.235
10.12.2007,1925.445
11.12.2007,1954.895
12.12.2007,1949.4
13.12.2007,1945.655
14.12.2007,1908.77
17.12.2007,1883.505
18.12.2007,1898.455
19.12.2007,1902.56
20.12.2007,1913.63
21.12.2007,1928.73
24.12.2007,1935.695
25.12.2007,1925.585
26.12.2007,1910.34
27.12.2007,1906.955
28.12.2007,1895.555
09.01.2008,1905.0
10.01.2008,1913.62
11.01.2008,1910.945
14.01.2008,1916.835
15.01.2008,1928.13
16.01.2008,1869.865
17.01.2008,1813.44
18.01.2008,1786.82
21.01.2008,1716.87
22.01.2008,1612.35
23.01.2008,1628.58
24.01.2008,1617.25
25.01.2008,1686.785
28.01.2008,1666.54
29.01.2008,1657.565
30.01.2008,1658.19
31.01.2008,1603.865
01.02.2008,1618.785
04.02.2008,1666.07
05.02.2008,1668.015
06.02.2008,1606.01
07.02.2008,1591.665
08.02.2008,1581.91
11.02.2008,1589.365
12.02.2008,1635.76
13.02.2008,1665.91
14.02.2008,1702.355
15.02.2008,1670.11
18.02.2008,1675.775
19.02.2008,1687.755
20.02.2008,1688.495
21.02.2008,1707.765
22.02.2008,1713.015
26.02.2008,1732.765
27.02.2008,1724.75
28.02.2008,1699.655
29.02.2008,1681.095
03.03.2008,1635.78
04.03.2008,1647.745
05.03.2008,1641.285
06.03.2008,1659.345
07.03.2008,1630.645
11.03.2008,1643.66
12.03.2008,1683.435
13.03.2008,1660.79
14.03.2008,1667.795
17.03.2008,1601.86
18.03.2008,1589.495
19.03.2008,1616.125
20.03.2008,1576.63
21.03.2008,1579.52
24.03.2008,1595.86
25.03.2008,1608.11
26.03.2008,1597.23
27.03.2008,1613.28
28.03.2008,1628.265
31.03.2008,1622.23
01.04.2008,1633.195
02.04.2008,1651.715
03.04.2008,1648.825
04.04.2008,1633.305
07.04.2008,1656.095
08.04.2008,1664.155
09.04.2008,1669.495
10.04.2008,1676.875
11.04.2008,1672.905
14.04.2008,1637.355
15.04.2008,1649.855
16.04.2008,1675.465
17.04.2008,1684.87
18.04.2008,1690.9
21.04.2008,1701.925
22.04.2008,1686.865
23.04.2008,1675.14
24.04.2008,1660.42
25.04.2008,1656.37
28.04.2008,1676.22
29.04.2008,1674.3
30.04.2008,1659.47
12.05.2008,1812.26
13.05.2008,1826.34
14.05.2008,1868.76
15.05.2008,1910.085
16.05.2008,1922.47
19.05.2008,1948.765
20.05.2008,1935.19
21.05.2008,1938.135
22.05.2008,1921.85
23.05.2008,1896.675
26.05.2008,1894.545
27.05.2008,1884.48
28.05.2008,1856.36
29.05.2008,1891.51
30.05.2008,1912.78
02.06.2008,1918.015
03.06.2008,1904.145
04.06.2008,1866.115
05.06.2008,1839.26
06.06.2008,1859.04
09.06.2008,1823.865
10.06.2008,1812.32
11.06.2008,1822.525
16.06.2008,1837.755
17.06.2008,1845.165
18.06.2008,1860.56
19.06.2008,1846.59
20.06.2008,1837.945
24.06.2008,1781.945
25.06.2008,1767.84
26.06.2008,1758.695
27.06.2008,1749.15
30.06.2008,1759.6
01.07.2008,1726.47
02.07.2008,1706.845
03.07.2008,1689.0
04.07.2008,1682.66
07.07.2008,1678.78
08.07.2008,1655.175
09.07.2008,1663.995
10.07.2008,1653.495
11.07.2008,1646.68
14.07.2008,1644.305
15.07.2008,1640.915
16.07.2008,1623.935
17.07.2008,1665.4
18.07.2008,1654.93
21.07.2008,1627.265
22.07.2008,1618.21
23.07.2008,1609.51
24.07.2008,1587.91
25.07.2008,1526.03
28.07.2008,1483.365
29.07.2008,1441.15
30.07.2008,1470.265
31.07.2008,1515.535
01.08.2008,1488.99
04.08.2008,1472.21
05.08.2008,1423.795
06.08.2008,1395.255
07.08.2008,1429.925
08.08.2008,1393.91
11.08.2008,1348.07
12.08.2008,1425.485
13.08.2008,1441.685
14.08.2008,1443.73
15.08.2008,1447.27
18.08.2008,1459.095
19.08.2008,1400.24
20.08.2008,1377.58
21.08.2008,1374.39
22.08.2008,1392.04
25.08.2008,1351.29
26.08.2008,1279.76
27.08.2008,1294.205
28.08.2008,1330.965
29.08.2008,1346.915
01.09.2008,1356.635
02.09.2008,1357.8
03.09.2008,1346.035
04.09.2008,1312.18
05.09.2008,1223.945
08.09.2008,1265.935
09.09.2008,1211.115
11.09.2008,1105.275
12.09.2008,1111.4
15.09.2008,1089.05
16.09.2008,966.12
17.09.2008,868.325
18.09.2008,853.93
19.09.2008,989.47
22.09.2008,1121.43
23.09.2008,1076.66
24.09.2008,1096.605
25.09.2008,1094.22
26.09.2008,1080.13
29.09.2008,1049.6
30.09.2008,990.32
01.10.2008,1028.505
02.10.2008,1001.96
03.10.2008,940.12
06.10.2008,833.935
07.10.2008,743.125
08.10.2008,688.13
09.10.2008,692.925
10.10.2008,700.37
13.10.2008,694.105
14.10.2008,720.705
15.10.2008,718.14
16.10.2008,650.815
17.10.2008,621.735
20.10.2008,619.44
21.10.2008,647.935
22.10.2008,632.3
23.10.2008,605.685
24.10.2008,553.855
27.10.2008,513.62
28.10.2008,517.555
29.10.2008,572.12
30.10.2008,669.045
31.10.2008,711.725
01.11.2008,764.71
05.11.2008,816.345
06.11.2008,737.87
07.11.2008,706.7
10.11.2008,756.685
11.11.2008,693.15
12.11.2008,647.8
13.11.2008,592.22
14.11.2008,626.675
17.11.2008,571.65
18.11.2008,550.085
19.11.2008,556.945
20.11.2008,530.83
21.11.2008,539.15
24.11.2008,561.13
25.11.2008,614.18
26.11.2008,597.365
27.11.2008,610.375
28.11.2008,608.1
01.12.2008,590.585
02.12.2008,559.815
03.12.2008,569.87
04.12.2008,569.17
05.12.2008,563.815
08.12.2008,590.99
09.12.2008,610.25
10.12.2008,614.795
11.12.2008,626.155
12.12.2008,608.9
15.12.2008,638.42
16.12.2008,642.23
17.12.2008,647.06
18.12.2008,626.145
19.12.2008,600.85
22.12.2008,620.705
23.12.2008,641.76
24.12.2008,659.38
25.12.2008,635.02
26.12.2008,622.305
29.12.2008,619.61
30.12.2008,611.19
31.12.2008,616.525
11.01.2009,630.79
12.01.2009,647.37
13.01.2009,652.205
14.01.2009,640.92
15.01.2009,614.145
16.01.2009,613.985
19.01.2009,599.055
20.01.2009,571.945
21.01.2009,570.4
22.01.2009,577.0
23.01.2009,549.77
26.01.2009,583.7
27.01.2009,610.26
28.01.2009,615.28
29.01.2009,617.145
30.01.2009,630.635
02.02.2009,617.53
03.02.2009,629.47
04.02.2009,632.195
05.02.2009,630.245
06.02.2009,1197.48
09.02.2009,676.545
10.02.2009,710.625
11.02.2009,720.85
12.02.2009,713.38
13.02.2009,712.07
16.02.2009,724.85
17.02.2009,677.275
18.02.2009,627.625
19.02.2009,646.0
20.02.2009,633.395
24.02.2009,622.905
25.02.2009,639.265
26.02.2009,652.8
27.02.2009,662.75
02.03.2009,654.845
03.03.2009,648.9
04.03.2009,670.0
05.03.2009,677.55
06.03.2009,1160.365
10.03.2009,722.09
11.03.2009,745.69
12.03.2009,723.675
13.03.2009,745.41
16.03.2009,750.265
17.03.2009,769.65
18.03.2009,766.185
19.03.2009,768.665
20.03.2009,785.61
23.03.2009,821.615
24.03.2009,839.775
25.03.2009,832.5
26.03.2009,850.885
27.03.2009,833.11
30.03.2009,789.23
31.03.2009,777.89
01.04.2009,772.965
02.04.2009,812.73
03.04.2009,835.735
06.04.2009,1115.94
07.04.2009,836.685
08.04.2009,846.945
09.04.2009,899.57
10.04.2009,919.45
13.04.2009,916.085
14.04.2009,917.675
15.04.2009,905.705
16.04.2009,913.455
17.04.2009,927.445
20.04.2009,908.47
21.04.2009,880.16
22.04.2009,891.675
23.04.2009,914.63
24.04.2009,925.675
27.04.2009,907.02
28.04.2009,883.78
29.04.2009,901.66
30.04.2009,930.36
04.05.2009,939.805
05.05.2009,957.89
06.05.2009,1144.225
07.05.2009,1015.37
08.05.2009,1021.35
12.05.2009,1038.09
13.05.2009,1046.88
14.05.2009,992.345
15.05.2009,1001.975
18.05.2009,991.705
19.05.2009,1029.385
20.05.2009,1064.89
21.05.2009,1063.935
22.05.2009,1050.37
25.05.2009,1048.775
26.05.2009,1031.63
27.05.2009,1055.655
28.05.2009,1067.085
29.05.2009,1100.355
01.06.2009,1165.24
02.06.2009,1197.48
03.06.2009,1160.365
04.06.2009,1115.94
05.06.2009,1144.225
08.06.2009,1121.405
09.06.2009,1125.24
10.06.2009,1130.555
11.06.2009,1126.855
15.06.2009,1107.96
16.06.2009,1088.78
17.06.2009,1067.735
18.06.2009,1019.29
19.06.2009,1020.39
22.06.2009,977.495
23.06.2009,916.63
24.06.2009,951.335
25.06.2009,968.765
26.06.2009,976.835
29.06.2009,967.445
30.06.2009,992.75
01.07.2009,992.5
02.07.2009,992.805
03.07.2009,970.955
06.07.2009,949.03
07.07.2009,938.39
08.07.2009,911.54
09.07.2009,906.31
10.07.2009,884.725
13.07.2009,872.95
14.07.2009,899.39
15.07.2009,916.31
16.07.2009,940.545
17.07.2009,952.125
20.07.2009,983.41
21.07.2009,997.83
22.07.2009,994.33
23.07.2009,1006.415
24.07.2009,1033.645
27.07.2009,1042.18
28.07.2009,1026.09
29.07.2009,991.405
30.07.2009,1017.695
31.07.2009,1039.665
03.08.2009,1076.395
04.08.2009,1090.37
05.08.2009,1106.415
06.08.2009,1101.07
07.08.2009,1093.49
10.08.2009,1104.145
11.08.2009,1091.555
12.08.2009,1066.535
13.08.2009,1099.26
14.08.2009,1088.07
17.08.2009,1051.84
18.08.2009,1041.18
19.08.2009,1026.46
20.08.2009,1048.705
21.08.2009,1076.375
24.08.2009,1113.81
25.08.2009,1116.24
26.08.2009,1103.385
27.08.2009,1090.29
28.08.2009,1100.045
31.08.2009,1098.745
01.09.2009,1101.095
02.09.2009,1087.405
03.09.2009,1088.095
04.09.2009,1094.98
07.09.2009,1098.885
08.09.2009,1131.125
09.09.2009,1152.435
10.09.2009,1161.485
11.09.2009,1168.39
14.09.2009,1162.585
15.09.2009,1193.005
16.09.2009,1219.28
17.09.2009,1220.17
18.09.2009,1203.1
21.09.2009,1187.12
22.09.2009,1187.54
23.09.2009,1211.78
24.09.2009,1198.315
25.09.2009,1185.37
28.09.2009,1188.7
29.09.2009,1209.335
30.09.2009,1208.32
01.10.2009,1210.195
02.10.2009,1178.105
05.10.2009,1177.38
06.10.2009,1199.47
07.10.2009,1233.15
08.10.2009,1252.56
09.10.2009,1291.695
12.10.2009,1333.045
13.10.2009,1338.285
14.10.2009,1348.5
15.10.2009,1359.33
16.10.2009,1340.15
22.10.2009,1356.31
23.10.2009,1369.115
26.10.2009,1366.395
27.10.2009,1334.225
28.10.2009,1293.27
29.10.2009,1258.035
30.10.2009,1267.1
02.11.2009,1240.275
03.11.2009,1240.595
05.11.2009,1238.125
06.11.2009,1249.905
09.11.2009,1273.315
10.11.2009,1309.74
11.11.2009,1326.805
12.11.2009,1306.345
13.11.2009,1306.365
16.11.2009,1338.48
17.11.2009,1354.17
18.11.2009,1372.845
19.11.2009,1353.36
20.11.2009,1335.525
23.11.2009,1349.84
24.11.2009,1334.435
25.11.2009,1321.3
26.11.2009,1283.49
27.11.2009,1245.725
30.11.2009,1284.055
01.12.2009,1303.1
02.12.2009,1323.575
03.12.2009,1330.155
04.12.2009,1320.41
07.12.2009,1325.455
08.12.2009,1316.985
09.12.2009,1307.075
10.12.2009,1298.405
11.12.2009,1306.79
14.12.2009,1312.925
15.12.2009,1362.345
16.12.2009,1359.23
17.12.2009,1379.92
18.12.2009,1376.64
21.12.2009,1373.765
22.12.2009,1368.32
23.12.2009,1367.87
24.12.2009,1357.705
25.12.2009,1349.73
28.12.2009,1364.57
29.12.2009,1364.685
30.12.2009,1363.17
31.12.2009,1366.355
11.01.2010,1413.54
12.01.2010,1435.215
13.01.2010,1428.865
14.01.2010,1445.675
15.01.2010,1459.115
18.01.2010,1462.33
19.01.2010,1470.335
20.01.2010,1474.785
21.01.2010,1453.01
22.01.2010,1415.405
25.01.2010,1409.82
26.01.2010,1393.235
27.01.2010,1384.155
28.01.2010,1408.425
29.01.2010,1404.935
01.02.2010,1407.745
02.02.2010,1426.95
03.02.2010,1442.755
04.02.2010,1413.79
05.02.2010,1370.3
08.02.2010,1344.79
09.02.2010,1332.32
10.02.2010,1339.4
11.02.2010,1334.375
12.02.2010,1320.215
15.02.2010,1310.585
16.02.2010,1340.545
17.02.2010,1361.67
18.02.2010,1339.485
19.02.2010,1332.35
24.02.2010,1339.12
25.02.2010,1315.78
26.02.2010,1315.535
27.02.2010,1327.945
01.03.2010,1345.505
02.03.2010,1361.445
03.03.2010,1368.845
04.03.2010,1381.265
05.03.2010,1399.46
09.03.2010,1408.855
10.03.2010,1410.28
11.03.2010,1400.565
12.03.2010,1410.215
15.03.2010,1407.91
16.03.2010,1410.655
17.03.2010,1431.45
18.03.2010,1437.62
19.03.2010,1428.62
22.03.2010,1409.51
23.03.2010,1415.88
24.03.2010,1407.85
25.03.2010,1403.635
26.03.2010,1411.665
29.03.2010,1426.32
30.03.2010,1441.615
31.03.2010,1450.12
01.04.2010,1466.28
02.04.2010,1480.4
05.04.2010,1481.11
06.04.2010,1492.61
07.04.2010,1489.025
08.04.2010,1469.965
09.04.2010,1489.625
12.04.2010,1502.65
13.04.2010,1498.615
14.04.2010,1513.615
15.04.2010,1529.82
16.04.2010,1512.725
19.04.2010,1466.745
20.04.2010,1470.775
21.04.2010,1475.55
22.04.2010,1455.945
23.04.2010,1455.49
26.04.2010,1478.525
27.04.2010,1469.44
28.04.2010,1443.475
29.04.2010,1443.01
30.04.2010,1443.445
04.05.2010,1420.5
05.05.2010,1380.77
06.05.2010,1377.24
07.05.2010,1323.975
11.05.2010,1315.96
12.05.2010,1359.58
13.05.2010,1390.815
14.05.2010,1362.875
17.05.2010,1339.385
18.05.2010,1357.655
19.05.2010,1337.045
20.05.2010,1300.78
21.05.2010,1258.59
24.05.2010,1267.735
25.05.2010,1232.01
26.05.2010,1232.155
27.05.2010,1285.08
28.05.2010,1302.885
31.05.2010,1318.95
01.06.2010,1314.855
02.06.2010,1322.95
03.06.2010,1356.615
04.06.2010,1350.525
07.06.2010,1311.27
08.06.2010,1318.135
09.06.2010,1312.695
10.06.2010,1320.805
11.06.2010,1334.61
15.06.2010,1353.12
16.06.2010,1370.125
17.06.2010,1367.685
18.06.2010,1359.735
21.06.2010,1387.85
22.06.2010,1392.64
23.06.2010,1382.86
24.06.2010,1374.61
25.06.2010,1356.44
28.06.2010,1358.89
29.06.2010,1339.625
30.06.2010,1315.27
01.07.2010,1281.38
02.07.2010,1272.02
05.07.2010,1289.59
06.07.2010,1310.17
07.07.2010,1312.28
08.07.2010,1333.095
09.07.2010,1320.47
12.07.2010,1335.43
13.07.2010,1355.185
14.07.2010,1366.745
15.07.2010,1357.76
16.07.2010,1339.465
19.07.2010,1334.515
20.07.2010,1334.7
21.07.2010,1344.455
22.07.2010,1362.68
23.07.2010,1381.535
26.07.2010,1390.2
27.07.2010,1402.885
28.07.2010,1400.085
29.07.2010,1409.95
30.07.2010,1400.505
02.08.2010,1414.34
03.08.2010,1419.815
04.08.2010,1414.84
05.08.2010,1418.18
06.08.2010,1410.37
09.08.2010,1415.49
10.08.2010,1404.07
11.08.2010,1384.97
12.08.2010,1376.22
13.08.2010,1376.37
16.08.2010,1367.555
17.08.2010,1383.92
18.08.2010,1385.84
19.08.2010,1387.675
20.08.2010,1368.65
23.08.2010,1365.2
24.08.2010,1352.07
25.08.2010,1340.44
26.08.2010,1346.035
27.08.2010,1355.955
30.08.2010,1373.095
31.08.2010,1361.065
01.09.2010,1380.4
02.09.2010,1399.975
03.09.2010,1407.53
06.09.2010,1412.865
07.09.2010,1399.315
08.09.2010,1408.61
09.09.2010,1431.1
10.09.2010,1434.6
13.09.2010,1443.05
14.09.2010,1435.665
15.09.2010,1428.75
16.09.2010,1433.735
17.09.2010,1429.785
20.09.2010,1419.985
21.09.2010,1434.66
22.09.2010,1428.27
23.09.2010,1430.195
24.09.2010,1427.725
27.09.2010,1431.36
28.09.2010,1412.42
29.09.2010,1416.945
30.09.2010,1429.33
01.10.2010,1449.31
04.10.2010,1462.95
05.10.2010,1465.21
06.10.2010,1475.66
07.10.2010,1473.0
08.10.2010,1460.815
11.10.2010,1473.48
12.10.2010,1474.4
13.10.2010,1487.775
14.10.2010,1491.855
15.10.2010,1492.445
18.10.2010,1490.94
19.10.2010,1501.075
20.10.2010,1484.27
21.10.2010,1509.075
22.10.2010,1521.975
25.10.2010,1528.89
26.10.2010,1524.215
27.10.2010,1516.115
28.10.2010,1512.185
29.10.2010,1513.555
01.11.2010,1532.815
02.11.2010,1535.555
03.11.2010,1541.16
08.11.2010,1559.025
09.11.2010,1582.035
10.11.2010,1582.495
11.11.2010,1570.4
12.11.2010,1546.66
13.11.2010,1541.325
15.11.2010,1548.285
16.11.2010,1540.375
17.11.2010,1525.195
18.11.2010,1543.17
19.11.2010,1549.79
22.11.2010,1561.225
23.11.2010,1541.035
24.11.2010,1546.45
25.11.2010,1566.66
26.11.2010,1565.87
29.11.2010,1563.93
30.11.2010,1560.1
01.12.2010,1584.975
02.12.2010,1617.69
03.12.2010,1643.7
06.12.2010,1661.105
07.12.2010,1687.04
08.12.2010,1668.24
09.12.2010,1659.12
10.12.2010,1654.975
13.12.2010,1664.825
14.12.2010,1658.065
15.12.2010,1667.325
16.12.2010,1664.28
17.12.2010,1667.16
20.12.2010,1663.39
21.12.2010,1669.57
22.12.2010,1680.17
23.12.2010,1681.615
24.12.2010,1679.875
27.12.2010,1669.54
28.12.2010,1665.835
29.12.2010,1671.655
30.12.2010,1680.88
11.01.2011,1700.7
12.01.2011,1737.07
13.01.2011,1755.98
14.01.2011,1744.7
17.01.2011,1759.565
18.01.2011,1771.8
19.01.2011,1769.25
20.01.2011,1748.6
21.01.2011,1738.12
24.01.2011,1727.8
25.01.2011,1720.28
26.01.2011,1731.575
27.01.2011,1748.155
28.01.2011,1741.07
31.01.2011,1720.195
01.02.2011,1740.47
02.02.2011,1767.46
03.02.2011,1761.125
04.02.2011,1759.92
07.02.2011,1759.165
08.02.2011,1749.61
09.02.2011,1725.86
10.02.2011,1699.72
11.02.2011,1694.795
14.02.2011,1718.065
15.02.2011,1707.015
16.02.2011,1698.83
17.02.2011,1707.28
18.02.2011,1690.76
21.02.2011,1700.395
22.02.2011,1697.545
24.02.2011,1704.81
25.02.2011,1731.255
28.02.2011,1761.775
01.03.2011,1770.83
02.03.2011,1755.99
03.03.2011,1776.535
04.03.2011,1771.225
05.03.2011,1772.28
09.03.2011,1781.455
10.03.2011,1754.795
11.03.2011,1725.855
14.03.2011,1727.03
15.03.2011,1703.93
16.03.2011,1715.525
17.03.2011,1721.545
18.03.2011,1743.095
21.03.2011,1751.615
22.03.2011,1741.855
23.03.2011,1751.69
24.03.2011,1783.12
25.03.2011,1798.4
28.03.2011,1806.525
29.03.2011,1797.51
30.03.2011,1802.715
31.03.2011,1811.355
01.04.2011,1825.39
04.04.2011,1850.015
05.04.2011,1849.615
06.04.2011,1855.095
07.04.2011,1849.67
08.04.2011,1852.17
11.04.2011,1850.725
12.04.2011,1819.055
13.04.2011,1798.53
14.04.2011,1787.49
15.04.2011,1782.515
18.04.2011,1746.045
19.04.2011,1735.375
20.04.2011,1770.56
21.04.2011,1785.0
22.04.2011,1788.835
25.04.2011,1790.715
26.04.2011,1760.45
27.04.2011,1757.13
28.04.2011,1749.29
29.04.2011,1736.225
03.05.2011,1718.435
04.05.2011,1674.185
05.05.2011,1650.525
06.05.2011,1651.735
10.05.2011,1677.4
11.05.2011,1673.065
12.05.2011,1635.645
13.05.2011,1636.41
16.05.2011,1618.515
17.05.2011,1617.29
18.05.2011,1621.08
19.05.2011,1631.93
20.05.2011,1621.225
23.05.2011,1586.755
24.05.2011,1588.345
25.05.2011,1596.635
26.05.2011,1611.79
27.05.2011,1623.77
30.05.2011,1641.795
31.05.2011,1660.355
01.06.2011,1659.99
02.06.2011,1642.76
03.06.2011,1646.955
06.06.2011,1626.09
07.06.2011,1645.775
08.06.2011,1655.44
09.06.2011,1678.065
10.06.2011,1688.87
14.06.2011,1686.385
15.06.2011,1690.1
16.06.2011,1665.77
17.06.2011,1654.735
20.06.2011,1634.51
21.06.2011,1634.115
22.06.2011,1632.045
23.06.2011,1620.53
24.06.2011,1625.295
27.06.2011,1625.725
28.06.2011,1639.395
29.06.2011,1659.055
30.06.2011,1660.915
01.07.2011,1679.2
04.07.2011,1702.06
05.07.2011,1707.665
06.07.2011,1708.41
07.07.2011,1723.51
08.07.2011,1733.04
11.07.2011,1712.05
12.07.2011,1695.265
13.07.2011,1702.79
14.07.2011,1710.985
15.07.2011,1708.775
18.07.2011,1702.99
19.07.2011,1695.085
20.07.2011,1708.405
21.07.2011,1707.11
22.07.2011,1728.215
25.07.2011,1717.695
26.07.2011,1724.41
27.07.2011,1716.8
28.07.2011,1710.93
29.07.2011,1705.655
01.08.2011,1723.485
02.08.2011,1715.415
03.08.2011,1681.8
04.08.2011,1644.98
05.08.2011,1586.935
08.08.2011,1540.995
09.08.2011,1451.44
10.08.2011,1477.075
11.08.2011,1416.275
12.08.2011,1455.99
15.08.2011,1491.055
16.08.2011,1484.045
17.08.2011,1490.305
18.08.2011,1469.38
19.08.2011,1420.335
22.08.2011,1433.965
23.08.2011,1445.68
24.08.2011,1450.02
25.08.2011,1459.79
26.08.2011,1443.12
29.08.2011,1486.395
30.08.2011,1512.51
31.08.2011,1534.205
01.09.2011,1536.12
02.09.2011,1529.835
05.09.2011,1501.18
06.09.2011,1498.665
07.09.2011,1525.375
08.09.2011,1547.98
09.09.2011,1534.885
12.09.2011,1493.79
13.09.2011,1495.81
14.09.2011,1501.78
15.09.2011,1528.48
16.09.2011,1524.475
19.09.2011,1498.755
20.09.2011,1508.33
21.09.2011,1516.955
22.09.2011,1447.195
23.09.2011,1340.625
26.09.2011,1327.72
27.09.2011,1368.81
28.09.2011,1376.82
29.09.2011,1391.605
30.09.2011,1375.7
03.10.2011,1341.215
04.10.2011,1296.6
05.10.2011,1275.665
06.10.2011,1295.285
07.10.2011,1339.77
10.10.2011,1359.35
11.10.2011,1365.865
12.10.2011,1376.575
13.10.2011,1397.31
14.10.2011,1410.045
17.10.2011,1422.44
18.10.2011,1403.77
19.10.2011,1419.35
20.10.2011,1408.34
21.10.2011,1429.565
24.10.2011,1465.76
25.10.2011,1464.995
26.10.2011,1486.765
27.10.2011,1524.92
28.10.2011,1531.245
31.10.2011,1510.84
01.11.2011,1469.375
02.11.2011,1473.185
03.11.2011,1473.44
07.11.2011,1504.32
08.11.2011,1524.045
09.11.2011,1498.495
10.11.2011,1471.14
11.11.2011,1481.385
14.11.2011,1494.875
15.11.2011,1479.48
16.11.2011,1483.19
17.11.2011,1470.96
18.11.2011,1459.06
21.11.2011,1424.835
22.11.2011,1405.045
23.11.2011,1400.145
24.11.2011,1404.72
25.11.2011,1387.4
28.11.2011,1440.195
29.11.2011,1464.89
30.11.2011,1475.275
01.12.2011,1510.505
02.12.2011,1509.81
05.12.2011,1510.33
06.12.2011,1486.73
07.12.2011,1454.51
08.12.2011,1465.515
09.12.2011,1423.5
12.12.2011,1386.055
13.12.2011,1351.265
14.12.2011,1383.67
15.12.2011,1373.79
16.12.2011,1391.55
19.12.2011,1375.635
20.12.2011,1388.81
21.12.2011,1400.855
22.12.2011,1383.04
23.12.2011,1382.405
26.12.2011,1383.3
27.12.2011,1383.505
28.12.2011,1385.59
29.12.2011,1374.08
30.12.2011,1396.17
03.01.2012,1423.39
04.01.2012,1445.445
05.01.2012,1445.51
06.01.2012,1442.945
09.01.2012,1440.78
10.01.2012,1461.42
11.01.2012,1469.5
12.01.2012,1471.475
13.01.2012,1468.43
16.01.2012,1456.675
17.01.2012,1479.795
18.01.2012,1485.43
19.01.2012,1498.13
20.01.2012,1496.5
23.01.2012,1488.43
24.01.2012,1491.48
25.01.2012,1498.005
26.01.2012,1509.175
27.01.2012,1510.885
30.01.2012,1502.995
31.01.2012,1507.08
01.02.2012,1522.305
02.02.2012,1540.01
03.02.2012,1550.91
06.02.2012,1564.155
07.02.2012,1559.02
08.02.2012,1560.15
09.02.2012,1549.25
10.02.2012,1532.94
13.02.2012,1542.695
14.02.2012,1564.22
15.02.2012,1569.345
16.02.2012,1568.09
17.02.2012,1572.485
20.02.2012,1576.52
21.02.2012,1567.99
22.02.2012,1553.64
24.02.2012,1565.255
27.02.2012,1596.565
28.02.2012,1587.265
29.02.2012,1586.76
01.03.2012,1590.35
02.03.2012,1598.285
05.03.2012,1618.815
06.03.2012,1593.605
07.03.2012,1562.955
11.03.2012,1589.175
12.03.2012,1605.885
13.03.2012,1609.87
14.03.2012,1622.885
15.03.2012,1628.975
16.03.2012,1618.855
19.03.2012,1602.985
20.03.2012,1575.15
21.03.2012,1557.17
22.03.2012,1543.355
23.03.2012,1529.96
26.03.2012,1554.19
27.03.2012,1561.77
28.03.2012,1537.015
29.03.2012,1504.265
30.03.2012,1512.895
02.04.2012,1523.015
03.04.2012,1539.135
04.04.2012,1528.335
05.04.2012,1511.33
06.04.2012,1512.2
09.04.2012,1494.45
10.04.2012,1508.88
11.04.2012,1503.1
12.04.2012,1500.63
13.04.2012,1506.65
16.04.2012,1490.52
17.04.2012,1472.135
18.04.2012,1475.54
19.04.2012,1485.49
20.04.2012,1495.975
23.04.2012,1483.945
24.04.2012,1458.965
25.04.2012,1463.67
26.04.2012,1453.985
27.04.2012,1454.895
28.04.2012,1471.355
02.05.2012,1467.805
03.05.2012,1446.865
04.05.2012,1414.335
05.05.2012,1386.9
07.05.2012,1371.62
08.05.2012,1385.39
10.05.2012,1399.885
11.05.2012,1391.285
12.05.2012,1382.82
14.05.2012,1361.01
15.05.2012,1328.475
16.05.2012,1330.74
17.05.2012,1312.745
18.05.2012,1269.795
21.05.2012,1279.905
22.05.2012,1296.82
23.05.2012,1276.865
24.05.2012,1264.08
25.05.2012,1284.285
28.05.2012,1292.565
29.05.2012,1310.035
30.05.2012,1313.74
31.05.2012,1315.465
01.06.2012,1299.52
04.06.2012,1297.17
05.06.2012,1305.825
06.06.2012,1303.395
07.06.2012,1319.06
08.06.2012,1326.19
09.06.2012,1337.125
13.06.2012,1345.45
14.06.2012,1341.03
15.06.2012,1362.87
18.06.2012,1384.095
19.06.2012,1389.79
20.06.2012,1381.535
21.06.2012,1372.905
22.06.2012,1352.905
25.06.2012,1337.685
26.06.2012,1339.715
27.06.2012,1353.935
28.06.2012,1360.09
29.06.2012,1365.37
02.07.2012,1394.94
03.07.2012,1421.705
04.07.2012,1436.205
05.07.2012,1444.465
06.07.2012,1424.675
09.07.2012,1414.425
10.07.2012,1417.76
11.07.2012,1409.65
12.07.2012,1392.87
13.07.2012,1406.295
16.07.2012,1418.42
17.07.2012,1431.725
18.07.2012,1430.11
19.07.2012,1435.57
20.07.2012,1424.77
23.07.2012,1392.055
24.07.2012,1370.965
25.07.2012,1369.395
26.07.2012,1372.01
27.07.2012,1395.15
30.07.2012,1418.735
31.07.2012,1417.24
01.08.2012,1410.51
02.08.2012,1408.945
03.08.2012,1407.39
06.08.2012,1433.29
07.08.2012,1442.41
08.08.2012,1446.375
09.08.2012,1450.81
10.08.2012,1443.355
13.08.2012,1454.535
14.08.2012,1457.405
15.08.2012,1449.35
16.08.2012,1450.7
17.08.2012,1452.26
20.08.2012,1435.0
21.08.2012,1439.695
22.08.2012,1445.52
23.08.2012,1458.51
24.08.2012,1447.925
27.08.2012,1450.88
28.08.2012,1451.01
29.08.2012,1448.505
30.08.2012,1433.39
31.08.2012,1428.36
03.09.2012,1432.27
04.09.2012,1439.125
05.09.2012,1429.125
06.09.2012,1438.825
07.09.2012,1469.78
10.09.2012,1472.255
11.09.2012,1472.465
12.09.2012,1478.445
13.09.2012,1473.57
14.09.2012,1507.145
17.09.2012,1529.795
18.09.2012,1526.57
19.09.2012,1508.8
20.09.2012,1491.655
21.09.2012,1503.145
24.09.2012,1488.32
25.09.2012,1490.025
26.09.2012,1462.825
27.09.2012,1448.995
28.09.2012,1459.6
01.10.2012,1471.915
02.10.2012,1485.285
03.10.2012,1477.705
04.10.2012,1465.235
05.10.2012,1471.72
08.10.2012,1468.76
09.10.2012,1475.345
10.10.2012,1465.565
11.10.2012,1461.115
12.10.2012,1452.305
15.10.2012,1448.39
16.10.2012,1447.93
17.10.2012,1466.07
18.10.2012,1477.14
19.10.2012,1467.67
22.10.2012,1463.845
23.10.2012,1463.295
24.10.2012,1450.24
25.10.2012,1452.12
26.10.2012,1435.36
29.10.2012,1428.515
30.10.2012,1429.525
31.10.2012,1428.29
01.11.2012,1419.925
02.11.2012,1436.58
06.11.2012,1443.72
07.11.2012,1437.735
08.11.2012,1409.885
09.11.2012,1400.54
12.11.2012,1402.66
13.11.2012,1389.695
14.11.2012,1371.07
15.11.2012,1376.015
16.11.2012,1381.98
19.11.2012,1391.925
20.11.2012,1396.1
21.11.2012,1398.595
22.11.2012,1406.74
23.11.2012,1407.745
26.11.2012,1408.57
27.11.2012,1402.57
28.11.2012,1387.5
29.11.2012,1387.535
30.11.2012,1397.695
03.12.2012,1412.95
04.12.2012,1414.89
05.12.2012,1426.64
06.12.2012,1441.895
07.12.2012,1435.91
10.12.2012,1446.855
11.12.2012,1447.43
12.12.2012,1458.89
13.12.2012,1463.325
14.12.2012,1465.855
17.12.2012,1464.355
18.12.2012,1476.915
19.12.2012,1482.245
20.12.2012,1478.75
21.12.2012,1480.375
24.12.2012,1476.87
25.12.2012,1471.145
26.12.2012,1475.335
27.12.2012,1479.085
28.12.2012,1476.46
08.01.2013,1496.305
09.01.2013,1513.905
10.01.2013,1512.685
11.01.2013,1508.21
14.01.2013,1519.89
15.01.2013,1521.82
16.01.2013,1512.335
17.01.2013,1519.28
18.01.2013,1532.92
21.01.2013,1538.03
22.01.2013,1528.52
23.01.2013,1530.97
24.01.2013,1528.13
25.01.2013,1535.435
28.01.2013,1553.585
29.01.2013,1557.8
30.01.2013,1548.275
31.01.2013,1541.445
01.02.2013,1549.48
04.02.2013,1543.4
05.02.2013,1534.56
06.02.2013,1540.06
07.02.2013,1525.96
08.02.2013,1519.01
11.02.2013,1521.21
12.02.2013,1513.145
13.02.2013,1526.515
14.02.2013,1532.085
15.02.2013,1510.465
18.02.2013,1505.01
19.02.2013,1516.445
20.02.2013,1518.71
21.02.2013,1499.38
22.02.2013,1496.76
25.02.2013,1499.91
26.02.2013,1493.495
27.02.2013,1486.375
28.02.2013,1489.925
01.03.2013,1477.15
04.03.2013,1469.36
05.03.2013,1474.34
06.03.2013,1491.555
07.03.2013,1493.655
11.03.2013,1503.815
12.03.2013,1500.67
13.03.2013,1502.11
14.03.2013,1497.545
15.03.2013,1504.385
18.03.2013,1473.56
19.03.2013,1459.165
20.03.2013,1451.67
21.03.2013,1462.44
22.03.2013,1450.33
25.03.2013,1442.18
26.03.2013,1422.41
27.03.2013,1416.95
28.03.2013,1424.67
29.03.2013,1436.45
01.04.2013,1435.265
02.04.2013,1430.01
03.04.2013,1428.145
04.04.2013,1428.685
05.04.2013,1420.51
08.04.2013,1418.625
09.04.2013,1418.05
10.04.2013,1426.255
11.04.2013,1413.33
12.04.2013,1391.015
15.04.2013,1369.885
16.04.2013,1358.19
17.04.2013,1343.725
18.04.2013,1342.2
19.04.2013,1338.205
22.04.2013,1339.71
23.04.2013,1331.76
24.04.2013,1357.78
25.04.2013,1377.18
26.04.2013,1367.005
29.04.2013,1370.32
30.04.2013,1375.17
02.05.2013,1378.105
03.05.2013,1392.595
06.05.2013,1412.095
07.05.2013,1419.505
08.05.2013,1428.74
10.05.2013,1433.935
13.05.2013,1418.185
14.05.2013,1409.895
15.05.2013,1397.31
16.05.2013,1384.135
17.05.2013,1388.945
20.05.2013,1406.55
21.05.2013,1412.6
22.05.2013,1438.045
23.05.2013,1421.37
24.05.2013,1390.55
27.05.2013,1381.58
28.05.2013,1391.245
29.05.2013,1379.215
30.05.2013,1364.385
31.05.2013,1356.315
03.06.2013,1339.005
04.06.2013,1347.745
05.06.2013,1332.255
06.06.2013,1321.61
07.06.2013,1331.615
10.06.2013,1342.78
11.06.2013,1319.515
13.06.2013,1287.165
14.06.2013,1293.08
17.06.2013,1313.61
18.06.2013,1331.005
19.06.2013,1328.57
20.06.2013,1309.41
21.06.2013,1303.235
24.06.2013,1294.8
25.06.2013,1298.735
26.06.2013,1311.64
27.06.2013,1315.37
28.06.2013,1320.945
01.07.2013,1328.425
02.07.2013,1334.385
03.07.2013,1331.625
04.07.2013,1340.745
05.07.2013,1350.51
08.07.2013,1345.14
09.07.2013,1348.825
10.07.2013,1340.185
11.07.2013,1351.165
12.07.2013,1382.51
15.07.2013,1401.255
16.07.2013,1408.405
17.07.2013,1419.75
18.07.2013,1424.13
19.07.2013,1422.525
22.07.2013,1419.095
23.07.2013,1423.89
24.07.2013,1411.045
25.07.2013,1402.835
26.07.2013,1405.57
29.07.2013,1404.33
30.07.2013,1397.71
31.07.2013,1383.89
01.08.2013,1388.04
02.08.2013,1396.445
05.08.2013,1394.25
06.08.2013,1377.525
07.08.2013,1365.665
08.08.2013,1362.26
09.08.2013,1372.455
12.08.2013,1384.545
13.08.2013,1398.67
14.08.2013,1416.05
15.08.2013,1406.49
16.08.2013,1384.265
19.08.2013,1376.64
20.08.2013,1374.115
21.08.2013,1379.175
22.08.2013,1383.265
23.08.2013,1397.13
26.08.2013,1393.24
27.08.2013,1377.385
28.08.2013,1365.545
29.08.2013,1373.7
30.08.2013,1365.515
02.09.2013,1369.0
03.09.2013,1375.585
04.09.2013,1370.815
05.09.2013,1397.845
06.09.2013,1433.775
09.09.2013,1438.365
10.09.2013,1455.585
11.09.2013,1454.63
12.09.2013,1451.39
13.09.2013,1443.315
16.09.2013,1454.72
17.09.2013,1467.94
18.09.2013,1472.385
19.09.2013,1482.56
20.09.2013,1482.285
23.09.2013,1471.11
24.09.2013,1465.66
25.09.2013,1469.73
26.09.2013,1482.685
27.09.2013,1477.47
30.09.2013,1464.11
01.10.2013,1466.535
02.10.2013,1462.71
03.10.2013,1459.24
04.10.2013,1462.09
07.10.2013,1472.2
08.10.2013,1492.535
09.10.2013,1503.46
10.10.2013,1511.22
11.10.2013,1515.705
14.10.2013,1506.645
15.10.2013,1521.13
16.10.2013,1529.915
17.10.2013,1521.14
18.10.2013,1524.8
21.10.2013,1532.685
22.10.2013,1529.675
23.10.2013,1515.49
24.10.2013,1503.865
25.10.2013,1500.18
28.10.2013,1511.99
29.10.2013,1513.885
30.10.2013,1519.055
31.10.2013,1507.195
01.11.2013,1512.415
05.11.2013,1513.12
06.11.2013,1504.265
07.11.2013,1505.875
08.11.2013,1497.56
11.11.2013,1489.655
12.11.2013,1491.065
13.11.2013,1481.795
14.11.2013,1480.78
15.11.2013,1496.005
18.11.2013,1502.865
19.11.2013,1511.58
20.11.2013,1503.095
21.11.2013,1498.3
22.11.2013,1499.17
25.11.2013,1507.455
26.11.2013,1492.045
27.11.2013,1481.36
28.11.2013,1481.33
29.11.2013,1475.67
02.12.2013,1480.76
03.12.2013,1457.46
04.12.2013,1446.07
05.12.2013,1437.66
06.12.2013,1438.18
09.12.2013,1456.07
10.12.2013,1465.155
11.12.2013,1460.5
12.12.2013,1454.935
13.12.2013,1453.545
16.12.2013,1457.81
17.12.2013,1475.65
18.12.2013,1483.36
19.12.2013,1497.34
20.12.2013,1496.92
23.12.2013,1502.655
24.12.2013,1505.78
25.12.2013,1505.385
26.12.2013,1502.955
27.12.2013,1499.66
30.12.2013,1498.465
06.01.2014,1484.65
08.01.2014,1465.33
09.01.2014,1465.73
10.01.2014,1462.74
13.01.2014,1474.48
14.01.2014,1465.72
15.01.2014,1478.795
16.01.2014,1485.515
17.01.2014,1485.14
20.01.2014,1490.81
21.01.2014,1501.54
22.01.2014,1497.8
23.01.2014,1503.8
24.01.2014,1490.71
27.01.2014,1485.665
28.01.2014,1477.03
29.01.2014,1477.17
30.01.2014,1458.92
31.01.2014,1459.48
03.02.2014,1452.8
04.02.2014,1434.455
05.02.2014,1449.145
06.02.2014,1461.805
07.02.2014,1472.28
10.02.2014,1480.475
11.02.2014,1481.125
12.02.2014,1491.52
13.02.2014,1486.745
14.02.2014,1488.355
17.02.2014,1504.81
18.02.2014,1509.26
19.02.2014,1494.995
20.02.2014,1476.5
21.02.2014,1487.15
24.02.2014,1485.905
25.02.2014,1483.78
26.02.2014,1475.635
27.02.2014,1453.93
28.02.2014,1442.85
03.03.2014,1349.89
04.03.2014,1327.005
05.03.2014,1347.43
06.03.2014,1336.26
07.03.2014,1340.765
11.03.2014,1321.425
12.03.2014,1289.41
13.03.2014,1266.815
14.03.2014,1215.575
17.03.2014,1262.93
18.03.2014,1309.46
19.03.2014,1332.59
20.03.2014,1314.145
21.03.2014,1295.335
24.03.2014,1315.355
25.03.2014,1310.915
26.03.2014,1342.195
27.03.2014,1336.45
28.03.2014,1342.17
31.03.2014,1356.28
01.04.2014,1369.065
02.04.2014,1369.17
03.04.2014,1371.285
04.04.2014,1374.805
07.04.2014,1357.505
08.04.2014,1343.54
09.04.2014,1346.875
10.04.2014,1358.045
11.04.2014,1358.575
14.04.2014,1349.54
15.04.2014,1328.37
16.04.2014,1313.475
17.04.2014,1323.58
18.04.2014,1346.515
21.04.2014,1350.795
22.04.2014,1336.115
23.04.2014,1329.93
24.04.2014,1312.085
25.04.2014,1289.225
28.04.2014,1281.26
29.04.2014,1308.51
30.04.2014,1302.885
02.05.2014,1299.26
05.05.2014,1298.115
06.05.2014,1310.28
07.05.2014,1346.02
08.05.2014,1369.59
12.05.2014,1373.46
13.05.2014,1385.39
14.05.2014,1383.8
15.05.2014,1390.36
16.05.2014,1383.27
19.05.2014,1405.65
20.05.2014,1416.475
21.05.2014,1428.605
22.05.2014,1433.605
23.05.2014,1431.435
26.05.2014,1447.505
27.05.2014,1429.82
28.05.2014,1419.305
29.05.2014,1438.16
30.05.2014,1441.395
02.06.2014,1453.89
03.06.2014,1461.305
04.06.2014,1474.35
05.06.2014,1474.875
06.06.2014,1472.13
09.06.2014,1491.115
10.06.2014,1483.39
11.06.2014,1494.3
16.06.2014,1484.13
17.06.2014,1490.795
18.06.2014,1492.45
19.06.2014,1501.235
20.06.2014,1488.485
23.06.2014,1488.765
24.06.2014,1503.095
25.06.2014,1498.45
26.06.2014,1477.415
27.06.2014,1474.615
30.06.2014,1469.405
01.07.2014,1472.34
02.07.2014,1498.585
03.07.2014,1516.435
04.07.2014,1500.94
07.07.2014,1501.16
08.07.2014,1522.64
09.07.2014,1507.695
10.07.2014,1501.07
11.07.2014,1495.535
14.07.2014,1492.655
15.07.2014,1479.72
16.07.2014,1470.84
17.07.2014,1449.955
18.07.2014,1425.51
21.07.2014,1404.57
22.07.2014,1400.175
23.07.2014,1408.65
24.07.2014,1402.395
25.07.2014,1397.165
28.07.2014,1372.085
29.07.2014,1368.455
30.07.2014,1381.625
31.07.2014,1387.8
01.08.2014,1368.105
04.08.2014,1375.72
05.08.2014,1369.78
06.08.2014,1347.795
07.08.2014,1323.82
08.08.2014,1344.795
11.08.2014,1364.82
12.08.2014,1377.15
13.08.2014,1387.825
14.08.2014,1402.265
15.08.2014,1413.23
18.08.2014,1421.65
19.08.2014,1433.3
20.08.2014,1440.065
21.08.2014,1457.46
22.08.2014,1448.9
25.08.2014,1451.405
26.08.2014,1450.71
27.08.2014,1449.62
28.08.2014,1430.97
29.08.2014,1414.58
01.09.2014,1404.835
02.09.2014,1393.995
03.09.2014,1426.68
04.09.2014,1450.705
05.09.2014,1464.05
08.09.2014,1469.555
09.09.2014,1472.385
10.09.2014,1464.22
11.09.2014,1464.075
12.09.2014,1455.36
15.09.2014,1453.845
16.09.2014,1467.435
17.09.2014,1457.41
18.09.2014,1451.94
19.09.2014,1438.8
22.09.2014,1424.52
23.09.2014,1422.93
24.09.2014,1438.705
25.09.2014,1444.785
26.09.2014,1432.65
29.09.2014,1425.435
30.09.2014,1415.195
01.10.2014,1410.635
02.10.2014,1386.61
03.10.2014,1386.43
06.10.2014,1405.15
07.10.2014,1410.68
08.10.2014,1391.66
09.10.2014,1392.635
10.10.2014,1370.785
13.10.2014,1375.82
14.10.2014,1396.095
15.10.2014,1384.67
16.10.2014,1374.0
17.10.2014,1376.565
20.10.2014,1382.95
21.10.2014,1375.675
22.10.2014,1381.9
23.10.2014,1366.6
24.10.2014,1372.69
27.10.2014,1393.01
28.10.2014,1408.495
29.10.2014,1426.49
30.10.2014,1442.62
31.10.2014,1471.18
03.11.2014,1486.46
05.11.2014,1483.72
06.11.2014,1505.9
07.11.2014,1506.225
10.11.2014,1508.66
11.11.2014,1521.725
12.11.2014,1516.085
13.11.2014,1507.57
14.11.2014,1494.95
17.11.2014,1503.71
18.11.2014,1509.945
19.11.2014,1518.89
20.11.2014,1526.625
21.11.2014,1528.265
24.11.2014,1531.79
25.11.2014,1526.915
26.11.2014,1529.965
27.11.2014,1538.115
28.11.2014,1529.26
01.12.2014,1561.77
02.12.2014,1576.425
03.12.2014,1593.925
04.12.2014,1600.36
05.12.2014,1557.625
08.12.2014,1513.84
09.12.2014,1475.02
10.12.2014,1495.28
11.12.2014,1468.43
12.12.2014,1450.72
15.12.2014,1443.105
16.12.2014,1396.83
17.12.2014,1432.91
18.12.2014,1461.77
19.12.2014,1453.01
22.12.2014,1443.865
23.12.2014,1418.845
24.12.2014,1397.585
25.12.2014,1396.985
26.12.2014,1420.715
29.12.2014,1449.425
30.12.2014,1404.275
05.01.2015,1414.72
06.01.2015,1455.91
08.01.2015,1523.4
09.01.2015,1527.065
12.01.2015,1519.115
13.01.2015,1521.58
14.01.2015,1542.35
15.01.2015,1570.79
16.01.2015,1572.535
19.01.2015,1600.235
20.01.2015,1578.355
21.01.2015,1594.955
22.01.2015,1647.45
23.01.2015,1681.445
26.01.2015,1646.16
27.01.2015,1647.81
28.01.2015,1674.905
29.01.2015,1657.61
30.01.2015,1648.14
02.02.2015,1640.105
03.02.2015,1647.12
04.02.2015,1654.165
05.02.2015,1670.67
06.02.2015,1729.675
09.02.2015,1785.29
10.02.2015,1751.915
11.02.2015,1766.315
12.02.2015,1782.535
13.02.2015,1821.295
16.02.2015,1816.845
17.02.2015,1812.195
18.02.2015,1814.365
19.02.2015,1788.61
20.02.2015,1794.62
24.02.2015,1770.65
25.02.2015,1750.715
26.02.2015,1752.4
27.02.2015,1755.065
02.03.2015,1774.36
03.03.2015,1797.76
04.03.2015,1786.28
05.03.2015,1769.05
06.03.2015,1744.975
10.03.2015,1695.36
11.03.2015,1673.815
12.03.2015,1668.72
13.03.2015,1645.455
16.03.2015,1622.99
17.03.2015,1615.66
18.03.2015,1626.005
19.03.2015,1629.99
20.03.2015,1620.705
23.03.2015,1618.35
24.03.2015,1607.235
25.03.2015,1610.975
26.03.2015,1603.69
27.03.2015,1581.995
30.03.2015,1593.585
31.03.2015,1616.21
01.04.2015,1638.47
02.04.2015,1669.26
03.04.2015,1684.71
06.04.2015,1690.27
07.04.2015,1697.025
08.04.2015,1682.735
09.04.2015,1665.73
10.04.2015,1655.165
13.04.2015,1674.715
14.04.2015,1660.15
15.04.2015,1662.47
16.04.2015,1675.335
17.04.2015,1675.335
20.04.2015,1673.84
21.04.2015,1697.14
22.04.2015,1691.01
23.04.2015,1655.85
24.04.2015,1673.685
27.04.2015,1687.935
28.04.2015,1674.765
29.04.2015,1680.4
30.04.2015,1680.41
05.05.2015,1711.77
06.05.2015,1710.655
07.05.2015,1694.65
08.05.2015,1698.845
12.05.2015,1704.65
13.05.2015,1694.775
14.05.2015,1683.495
15.05.2015,1686.335
18.05.2015,1687.09
19.05.2015,1664.045
20.05.2015,1646.98
21.05.2015,1647.835
22.05.2015,1660.475
25.05.2015,1654.17
26.05.2015,1656.48
27.05.2015,1650.855
28.05.2015,1667.405
29.05.2015,1644.63
01.06.2015,1625.5
02.06.2015,1631.71
03.06.2015,1634.745
04.06.2015,1635.69
05.06.2015,1642.78
08.06.2015,1655.345
09.06.2015,1651.72
10.06.2015,1659.045
11.06.2015,1646.52
15.06.2015,1644.065
16.06.2015,1661.635
17.06.2015,1670.33
18.06.2015,1665.145
19.06.2015,1660.62
22.06.2015,1671.385
23.06.2015,1666.305
24.06.2015,1653.325
25.06.2015,1643.895
26.06.2015,1637.34
29.06.2015,1635.08
30.06.2015,1640.635
01.07.2015,1649.205
02.07.2015,1640.325
03.07.2015,1633.81
06.07.2015,1620.71
07.07.2015,1617.935
08.07.2015,1595.275
09.07.2015,1604.935
10.07.2015,1620.26
13.07.2015,1630.07
14.07.2015,1636.55
15.07.2015,1635.09
16.07.2015,1644.98
17.07.2015,1653.185
20.07.2015,1635.745
21.07.2015,1629.25
22.07.2015,1628.05
23.07.2015,1624.935
24.07.2015,1607.685
27.07.2015,1584.855
28.07.2015,1594.345
29.07.2015,1612.475
30.07.2015,1629.375
31.07.2015,1649.59
03.08.2015,1665.355
04.08.2015,1667.87
05.08.2015,1680.96
06.08.2015,1684.435
07.08.2015,1686.07
10.08.2015,1688.525
11.08.2015,1707.965
12.08.2015,1693.445
13.08.2015,1701.62
14.08.2015,1711.32
17.08.2015,1704.74
18.08.2015,1696.89
19.08.2015,1683.52
20.08.2015,1683.18
21.08.2015,1679.395
24.08.2015,1631.515
25.08.2015,1653.365
26.08.2015,1654.26
27.08.2015,1679.11
28.08.2015,1706.75
31.08.2015,1720.065
01.09.2015,1711.46
02.09.2015,1702.03
03.09.2015,1703.99
04.09.2015,1702.215
07.09.2015,1702.1
08.09.2015,1717.225
09.09.2015,1725.785
10.09.2015,1720.28
11.09.2015,1720.46
14.09.2015,1728.17
15.09.2015,1719.975
16.09.2015,1725.145
17.09.2015,1728.97
18.09.2015,1721.385
21.09.2015,1708.24
22.09.2015,1679.325
23.09.2015,1652.605
24.09.2015,1626.83
25.09.2015,1634.865
28.09.2015,1629.145
29.09.2015,1621.145
30.09.2015,1642.455
01.10.2015,1633.21
02.10.2015,1617.115
05.10.2015,1633.72
06.10.2015,1660.075
07.10.2015,1667.935
08.10.2015,1676.16
09.10.2015,1712.685
12.10.2015,1719.515
13.10.2015,1709.175
14.10.2015,1717.895
15.10.2015,1734.675
16.10.2015,1730.54
19.10.2015,1712.445
20.10.2015,1712.52
21.10.2015,1712.52
22.10.2015,1710.735
23.10.2015,1722.67
26.10.2015,1714.185
27.10.2015,1709.085
28.10.2015,1717.885
29.10.2015,1717.21
30.10.2015,1711.145
02.11.2015,1719.215
03.11.2015,1750.535
05.11.2015,1773.215
06.11.2015,1762.175
09.11.2015,1752.94
10.11.2015,1744.475
11.11.2015,1744.85
12.11.2015,1741.605
13.11.2015,1733.77
16.11.2015,1738.99
17.11.2015,1766.85
18.11.2015,1802.74
19.11.2015,1823.775
20.11.2015,1814.85
23.11.2015,1840.255
24.11.2015,1836.13
25.11.2015,1822.97
26.11.2015,1833.485
27.11.2015,1809.5
30.11.2015,1789.31
01.12.2015,1774.17
02.12.2015,1776.89
03.12.2015,1778.62
04.12.2015,1770.255
07.12.2015,1751.175
08.12.2015,1727.33
09.12.2015,1729.955
10.12.2015,1735.43
11.12.2015,1722.36
14.12.2015,1710.19
15.12.2015,1729.205
16.12.2015,1751.06
17.12.2015,1770.46
18.12.2015,1749.29
21.12.2015,1723.72
22.12.2015,1722.04
23.12.2015,1733.25
24.12.2015,1748.11
25.12.2015,1737.115
28.12.2015,1729.545
29.12.2015,1745.215
30.12.2015,1761.08
04.01.2016,1747.09
05.01.2016,1742.98
06.01.2016,1748.8
11.01.2016,1714.82
12.01.2016,1682.69
13.01.2016,1695.69
14.01.2016,1672.215
15.01.2016,1642.235
18.01.2016,1607.3
19.01.2016,1648.77
20.01.2016,1621.63
21.01.2016,1657.125
22.01.2016,1706.565
25.01.2016,1713.655
26.01.2016,1707.375
27.01.2016,1726.335
28.01.2016,1755.865
29.01.2016,1773.445
01.02.2016,1772.65
02.02.2016,1767.81
03.02.2016,1755.505
04.02.2016,1768.845
05.02.2016,1784.37
08.02.2016,1760.79
09.02.2016,1733.975
10.02.2016,1725.465
11.02.2016,1708.74
12.02.2016,1722.635
15.02.2016,1736.255
16.02.2016,1748.54
17.02.2016,1763.485
18.02.2016,1788.925
19.02.2016,1792.39
22.02.2016,1807.73
24.02.2016,1798.74
25.02.2016,1798.445
26.02.2016,1821.68
29.02.2016,1820.035
01.03.2016,1845.145
02.03.2016,1841.245
03.03.2016,1850.01
04.03.2016,1866.05
07.03.2016,1896.475
09.03.2016,1891.25
10.03.2016,1885.84
11.03.2016,1878.495
14.03.2016,1868.8
15.03.2016,1865.245
16.03.2016,1862.06
17.03.2016,1887.255
18.03.2016,1904.325
21.03.2016,1896.55
22.03.2016,1902.43
23.03.2016,1887.85
24.03.2016,1866.27
25.03.2016,1872.58
28.03.2016,1862.1
29.03.2016,1838.46
30.03.2016,1862.05
31.03.2016,1863.95
01.04.2016,1847.55
04.04.2016,1864.81
05.04.2016,1854.505
06.04.2016,1859.395
07.04.2016,1860.35
08.04.2016,1868.54
11.04.2016,1890.0
12.04.2016,1899.805
13.04.2016,1923.895
14.04.2016,1925.74
15.04.2016,1908.82
18.04.2016,1881.985
19.04.2016,1911.595
20.04.2016,1942.005
21.04.2016,1954.175
22.04.2016,1951.99
25.04.2016,1954.45
26.04.2016,1943.81
27.04.2016,1938.255
28.04.2016,1947.58
29.04.2016,1957.835
04.05.2016,1929.515
05.05.2016,1913.47
06.05.2016,1898.15
10.05.2016,1892.235
11.05.2016,1901.005
12.05.2016,1911.295
13.05.2016,1894.3
16.05.2016,1924.2
17.05.2016,1895.94
18.05.2016,1910.165
19.05.2016,1902.61
20.05.2016,1892.87
23.05.2016,1875.375
24.05.2016,1878.09
25.05.2016,1900.06
26.05.2016,1913.705
27.05.2016,1920.455
30.05.2016,1928.45
31.05.2016,1919.425
01.06.2016,1897.87
02.06.2016,1887.74
03.06.2016,1895.815
06.06.2016,1906.98
07.06.2016,1934.525
08.06.2016,1949.185
09.06.2016,1940.07
10.06.2016,1916.935
14.06.2016,1889.405
15.06.2016,1889.43
16.06.2016,1869.135
17.06.2016,1884.08
20.06.2016,1897.86
21.06.2016,1897.445
22.06.2016,1902.56
23.06.2016,1901.225
24.06.2016,1865.925
27.06.2016,1864.74
28.06.2016,1854.165
29.06.2016,1875.2
30.06.2016,1888.345
01.07.2016,1890.52
04.07.2016,1904.94
05.07.2016,1895.555
06.07.2016,1884.09
07.07.2016,1890.02
08.07.2016,1878.685
11.07.2016,1900.705
12.07.2016,1927.3
13.07.2016,1937.13
14.07.2016,1933.3
15.07.2016,1936.1
18.07.2016,1934.36
19.07.2016,1916.105
20.07.2016,1908.615
21.07.2016,1921.33
22.07.2016,1928.305
25.07.2016,1932.6
26.07.2016,1929.11
27.07.2016,1934.735
28.07.2016,1946.245
29.07.2016,1947.175
01.08.2016,1952.925
02.08.2016,1927.77
03.08.2016,1912.8
04.08.2016,1935.055
05.08.2016,1941.68
08.08.2016,1952.105
09.08.2016,1956.735
10.08.2016,1950.31
11.08.2016,1942.725
12.08.2016,1960.37
15.08.2016,1973.97
16.08.2016,1980.85
17.08.2016,1966.23
18.08.2016,1969.03
19.08.2016,1967.06
22.08.2016,1963.72
23.08.2016,1982.99
24.08.2016,1982.16
25.08.2016,1978.44
26.08.2016,1986.985
29.08.2016,1978.625
30.08.2016,1991.49
31.08.2016,1977.72
01.09.2016,1975.87
02.09.2016,1991.435
05.09.2016,2012.535
06.09.2016,2028.96
07.09.2016,2051.075
08.09.2016,2052.07
09.09.2016,2036.645
12.09.2016,2013.005
13.09.2016,2013.955
14.09.2016,2003.085
15.09.2016,1993.8
16.09.2016,1985.84
19.09.2016,1987.44
20.09.2016,1980.63
21.09.2016,1996.37
22.09.2016,2013.185
23.09.2016,2008.71
26.09.2016,2000.29
27.09.2016,1987.725
28.09.2016,1984.885
29.09.2016,2000.735
30.09.2016,1982.33
03.10.2016,1984.645
04.10.2016,1982.64
05.10.2016,1973.595
06.10.2016,1975.815
07.10.2016,1984.27
10.10.2016,1989.98
11.10.2016,2001.295
12.10.2016,1995.935
13.10.2016,1980.625
14.10.2016,1970.655
17.10.2016,1960.32
18.10.2016,1966.145
19.10.2016,1967.315
20.10.2016,1962.36
21.10.2016,1953.67
24.10.2016,1964.005
25.10.2016,1974.655
26.10.2016,1973.645
27.10.2016,1979.9
28.10.2016,1978.995
31.10.2016,1984.385
01.11.2016,1997.42
02.11.2016,1978.285
03.11.2016,1964.545
07.11.2016,1961.65
08.11.2016,1966.43
09.11.2016,1975.735
10.11.2016,2046.7
11.11.2016,2043.17
14.11.2016,2032.125
15.11.2016,2020.69
16.11.2016,2035.95
17.11.2016,2037.475
18.11.2016,2042.24
21.11.2016,2051.935
22.11.2016,2066.295
23.11.2016,2077.18
24.11.2016,2097.26
25.11.2016,2097.5
28.11.2016,2095.35
29.11.2016,2090.355
30.11.2016,2101.11
01.12.2016,2119.695
02.12.2016,2126.365
05.12.2016,2145.16
06.12.2016,2164.505
07.12.2016,2156.875
08.12.2016,2187.475
09.12.2016,2208.75
12.12.2016,2226.115
13.12.2016,2231.36
14.12.2016,2236.605
15.12.2016,2221.245
16.12.2016,2240.265
19.12.2016,2225.405
20.12.2016,2220.615
21.12.2016,2224.165
22.12.2016,2188.085
23.12.2016,2174.25
26.12.2016,2179.14
27.12.2016,2182.355
28.12.2016,2192.095
29.12.2016,2189.96
30.12.2016,2219.38
03.01.2017,2262.755
04.01.2017,2268.18
05.01.2017,2242.195
06.01.2017,2212.925
09.01.2017,2214.74
10.01.2017,2221.875
11.01.2017,2225.515
12.01.2017,2217.05
13.01.2017,2195.43
16.01.2017,2191.585
17.01.2017,2181.62
18.01.2017,2177.66
19.01.2017,2164.825
20.01.2017,2156.535
23.01.2017,2148.24
24.01.2017,2161.05
25.01.2017,2171.235
26.01.2017,2205.055
27.01.2017,2242.86
30.01.2017,2247.515
31.01.2017,2228.18
01.02.2017,2222.84
02.02.2017,2223.47
03.02.2017,2220.635
06.02.2017,2216.53
07.02.2017,2209.995
08.02.2017,2198.79
09.02.2017,2178.25
10.02.2017,2169.495
13.02.2017,2162.625
14.02.2017,2148.57
15.02.2017,2133.145
16.02.2017,2137.76
17.02.2017,2137.145
20.02.2017,2124.915
21.02.2017,2123.76
22.02.2017,2112.825
24.02.2017,2094.155
01.03.2017,2047.08
02.03.2017,2060.48
03.03.2017,2044.58
06.03.2017,2058.485
07.03.2017,2028.99
09.03.2017,1995.885
10.03.2017,1977.145
13.03.2017,1985.16
14.03.2017,2004.485
15.03.2017,2003.755
16.03.2017,2009.645
17.03.2017,2029.835
20.03.2017,2038.175
21.03.2017,2053.975
22.03.2017,2046.04
23.03.2017,2056.545
24.03.2017,2044.6
27.03.2017,2016.01
28.03.2017,2021.73
29.03.2017,2025.355
30.03.2017,2019.505
31.03.2017,2007.595
03.04.2017,2003.425
04.04.2017,2016.81
05.04.2017,2042.575
06.04.2017,2050.765
07.04.2017,2029.775
11.04.2017,1980.03
12.04.2017,1964.57
13.04.2017,1935.74
14.04.2017,1928.68
17.04.2017,1923.705
18.04.2017,1931.98
19.04.2017,1922.08
20.04.2017,1916.485
21.04.2017,1944.125
24.04.2017,1967.035
25.04.2017,1985.705
26.04.2017,2012.8
27.04.2017,2014.92
28.04.2017,2021.04
02.05.2017,2032.395
03.05.2017,2009.99
04.05.2017,2002.525
05.05.2017,1992.69
10.05.2017,2016.805
11.05.2017,2010.195
12.05.2017,1993.93
15.05.2017,1996.085
16.05.2017,1994.73
17.05.2017,1991.265
18.05.2017,1979.025
19.05.2017,1965.675
22.05.2017,1954.22
23.05.2017,1955.845
24.05.2017,1951.47
25.05.2017,1950.46
26.05.2017,1937.895
29.05.2017,1938.635
30.05.2017,1933.51
31.05.2017,1915.02
01.06.2017,1883.71
02.06.2017,1865.77
05.06.2017,1882.895
06.06.2017,1875.41
07.06.2017,1878.71
08.06.2017,1863.04
09.06.2017,1877.61
13.06.2017,1864.275
14.06.2017,1848.405
15.06.2017,1803.99
16.06.2017,1822.575
19.06.2017,1835.905
20.06.2017,1858.63
21.06.2017,1852.545
22.06.2017,1849.72
23.06.2017,1863.29
26.06.2017,1868.57
27.06.2017,1866.915
28.06.2017,1879.265
29.06.2017,1889.965
30.06.2017,1886.775
03.07.2017,1892.285
04.07.2017,1909.2
05.07.2017,1918.42
06.07.2017,1920.695
07.07.2017,1906.08
10.07.2017,1918.545
11.07.2017,1929.7
12.07.2017,1946.785
13.07.2017,1954.385
17.07.2017,1961.02
18.07.2017,1955.835
19.07.2017,1938.795
20.07.2017,1950.355
21.07.2017,1933.595
24.07.2017,1924.425
25.07.2017,1924.745
26.07.2017,1931.23
27.07.2017,1940.12
28.07.2017,1922.525
31.07.2017,1917.415
01.08.2017,1936.695
02.08.2017,1953.87
03.08.2017,1968.87
04.08.2017,1956.515
07.08.2017,1962.29
08.08.2017,1979.76
09.08.2017,1980.515
10.08.2017,1971.395
11.08.2017,1943.625
14.08.2017,1953.525
15.08.2017,1945.59
16.08.2017,1949.345
17.08.2017,1942.45
18.08.2017,1929.425
21.08.2017,1938.015
22.08.2017,1943.59
23.08.2017,1951.44
24.08.2017,1966.165
25.08.2017,1977.59
28.08.2017,1979.995
29.08.2017,1978.115
30.08.2017,1999.035
31.08.2017,2016.26
01.09.2017,2019.43
04.09.2017,2006.065
05.09.2017,2004.985
06.09.2017,2004.155
07.09.2017,2017.77
08.09.2017,2024.015
11.09.2017,2040.995
12.09.2017,2052.015
13.09.2017,2063.575
14.09.2017,2046.075
15.09.2017,2051.44
18.09.2017,2058.175
19.09.2017,2052.885
20.09.2017,2051.155
21.09.2017,2059.045
22.09.2017,2052.68
25.09.2017,2058.415
26.09.2017,2078.57
27.09.2017,2075.465
28.09.2017,2076.465
29.09.2017,2072.835
02.10.2017,2078.075
03.10.2017,2078.43
04.10.2017,2074.39
05.10.2017,2079.915
06.10.2017,2096.22
09.10.2017,2093.515
10.10.2017,2090.42
11.10.2017,2095.18
12.10.2017,2096.095
13.10.2017,2099.02
16.10.2017,2102.23
17.10.2017,2096.45
18.10.2017,2093.9
19.10.2017,2085.63
20.10.2017,2073.775
23.10.2017,2069.51
24.10.2017,2061.95
25.10.2017,2061.11
26.10.2017,2045.895
27.10.2017,2059.555
30.10.2017,2070.85
31.10.2017,2071.795
01.11.2017,2079.045
02.11.2017,2073.11
03.11.2017,2084.605
07.11.2017,2124.165
08.11.2017,2161.7
09.11.2017,2170.045
10.11.2017,2178.62
13.11.2017,2179.67
14.11.2017,2175.835
15.11.2017,2147.08
16.11.2017,2130.015
17.11.2017,2133.69
20.11.2017,2131.835
21.11.2017,2144.16
22.11.2017,2159.655
23.11.2017,2151.85
24.11.2017,2154.115
27.11.2017,2151.72
28.11.2017,2137.755
29.11.2017,2135.56
30.11.2017,2107.69
01.12.2017,2100.61
04.12.2017,2105.225
05.12.2017,2108.735
06.12.2017,2114.53
07.12.2017,2110.85
08.12.2017,2108.0
11.12.2017,2126.61
12.12.2017,2151.405
13.12.2017,2142.675
14.12.2017,2140.075
15.12.2017,2143.54
18.12.2017,2138.985
19.12.2017,2126.13
20.12.2017,2111.25
21.12.2017,2092.955
22.12.2017,2099.52
25.12.2017,2108.22
26.12.2017,2097.045
27.12.2017,2100.34
28.12.2017,2097.46
29.12.2017,2101.415
03.01.2018,2132.105
04.01.2018,2175.735
05.01.2018,2196.31
09.01.2018,2227.135
10.01.2018,2223.7
11.01.2018,2234.215
12.01.2018,2248.4
15.01.2018,2269.915
16.01.2018,2249.28
17.01.2018,2254.795
18.01.2018,2289.49
19.01.2018,2290.015
22.01.2018,2296.965
23.01.2018,2298.645
24.01.2018,2295.095
25.01.2018,2318.05
26.01.2018,2299.43
29.01.2018,2292.205
30.01.2018,2283.07
31.01.2018,2281.415
01.02.2018,2300.76
02.02.2018,2291.22
05.02.2018,2268.7
06.02.2018,2240.82
07.02.2018,2257.67
08.02.2018,2243.32
09.02.2018,2199.925
12.02.2018,2218.045
13.02.2018,2235.66
14.02.2018,2246.01
15.02.2018,2272.86
16.02.2018,2265.975
19.02.2018,2259.035
20.02.2018,2263.145
21.02.2018,2293.085
22.02.2018,2322.05
26.02.2018,2361.845
27.02.2018,2345.24
28.02.2018,2317.53
01.03.2018,2293.865
02.03.2018,2282.77
05.03.2018,2304.455
06.03.2018,2313.635
07.03.2018,2284.64
09.03.2018,2298.96
12.03.2018,2318.005
13.03.2018,2315.655
14.03.2018,2295.92
15.03.2018,2273.5
16.03.2018,2275.275
19.03.2018,2291.14
20.03.2018,2278.665
21.03.2018,2303.13
22.03.2018,2298.505
23.03.2018,2273.965
26.03.2018,2263.0
27.03.2018,2257.35
28.03.2018,2250.625
29.03.2018,2263.115
30.03.2018,2276.26
02.04.2018,2275.36
03.04.2018,2254.95
04.04.2018,2261.005
05.04.2018,2283.925
06.04.2018,2284.45
09.04.2018,2168.86
10.04.2018,2141.37
11.04.2018,2196.985
12.04.2018,2197.215
13.04.2018,2193.5
16.04.2018,2160.46
17.04.2018,2178.2
18.04.2018,2219.135
19.04.2018,2242.705
20.04.2018,2232.765
23.04.2018,2231.575
24.04.2018,2258.09
25.04.2018,2241.58
26.04.2018,2270.325
27.04.2018,2292.015
30.04.2018,2305.855
02.05.2018,2307.975
03.05.2018,2293.96
04.05.2018,2286.625
07.05.2018,2303.18
08.05.2018,2289.58
10.05.2018,2312.8
11.05.2018,2332.255
14.05.2018,2342.43
15.05.2018,2342.35
16.05.2018,2339.675
17.05.2018,2334.775
18.05.2018,2330.435
21.05.2018,2338.175
22.05.2018,2327.275
23.05.2018,2306.875
24.05.2018,2299.88
25.05.2018,2306.52
28.05.2018,2308.15
29.05.2018,2301.0
30.05.2018,2298.515
31.05.2018,2302.4
01.06.2018,2302.46
04.06.2018,2311.925
05.06.2018,2319.925
06.06.2018,2312.375
07.06.2018,2321.255
08.06.2018,2292.42
09.06.2018,2276.56
11.06.2018,2272.77
13.06.2018,2276.045
14.06.2018,2258.53
15.06.2018,2248.835
18.06.2018,2228.755
19.06.2018,2210.735
20.06.2018,2245.125
21.06.2018,2256.32
22.06.2018,2249.31
25.06.2018,2244.255
26.06.2018,2241.385
27.06.2018,2244.305
28.06.2018,2255.84
29.06.2018,2278.765
02.07.2018,2307.785
03.07.2018,2308.665
04.07.2018,2304.51
05.07.2018,2320.32
06.07.2018,2335.455
09.07.2018,2363.76
10.07.2018,2369.245
11.07.2018,2341.015
12.07.2018,2322.235
13.07.2018,2335.665
16.07.2018,2336.815
17.07.2018,2309.52
18.07.2018,2293.92
19.07.2018,2280.07
20.07.2018,2257.215
23.07.2018,2261.85
24.07.2018,2272.49
25.07.2018,2271.765
26.07.2018,2291.53
27.07.2018,2286.65
30.07.2018,2287.72
31.07.2018,2303.975
01.08.2018,2317.175
02.08.2018,2304.945
03.08.2018,2288.19
06.08.2018,2298.92
07.08.2018,2310.795
08.08.2018,2292.9
09.08.2018,2283.545
10.08.2018,2284.065
13.08.2018,2277.055
14.08.2018,2287.4
15.08.2018,2264.395
16.08.2018,2261.605
17.08.2018,2258.17
20.08.2018,2272.355
21.08.2018,2275.785
22.08.2018,2292.165
23.08.2018,2280.79
24.08.2018,2261.225
27.08.2018,2297.4
28.08.2018,2317.22
29.08.2018,2332.55
30.08.2018,2342.69
31.08.2018,2328.315
03.09.2018,2346.24
04.09.2018,2345.61
05.09.2018,2331.35
06.09.2018,2331.05
07.09.2018,2318.055
10.09.2018,2327.945
11.09.2018,2330.225
12.09.2018,2339.14
13.09.2018,2356.505
14.09.2018,2357.285
17.09.2018,2361.925
18.09.2018,2387.29
19.09.2018,2406.355
20.09.2018,2417.915
21.09.2018,2413.9
24.09.2018,2425.045
25.09.2018,2432.475
26.09.2018,2435.435
