date,min,max
27.08.2004,525.92,538.21
30.08.2004,532.86,539.62
31.08.2004,537.04,551.66
01.09.2004,542.47,551.19
02.09.2004,546.23,557.16
03.09.2004,548.16,558.73
06.09.2004,553.05,564.27
07.09.2004,560.84,566.79
08.09.2004,560.02,565.76
09.09.2004,560.12,568.24
10.09.2004,566.72,573.72
13.09.2004,568.86,576.56
14.09.2004,567.21,583.46
15.09.2004,577.99,583.52
16.09.2004,574.85,587.60
17.09.2004,573.49,580.40
20.09.2004,579.29,584.99
21.09.2004,583.11,592.08
22.09.2004,584.94,594.85
23.09.2004,583.98,589.39
24.09.2004,586.56,590.55
27.09.2004,587.99,596.32
28.09.2004,589.79,603.80
29.09.2004,602.21,611.47
30.09.2004,605.56,613.56
01.10.2004,611.03,643.21
04.10.2004,641.62,654.67
05.10.2004,648.94,699.06
06.10.2004,691.88,704.11
07.10.2004,704.04,710.61
08.10.2004,702.74,708.49
11.10.2004,657.51,707.14
12.10.2004,636.86,667.17
13.10.2004,631.79,644.32
14.10.2004,627.91,643.25
15.10.2004,622.36,636.11
18.10.2004,629.29,641.11
19.10.2004,634.27,642.25
20.10.2004,604.15,635.10
21.10.2004,601.67,613.42
22.10.2004,611.28,623.39
25.10.2004,615.03,625.71
26.10.2004,608.32,627.96
27.10.2004,627.86,645.04
28.10.2004,621.96,640.92
29.10.2004,623.66,633.75
01.11.2004,622.43,638.64
02.11.2004,607.01,622.67
03.11.2004,617.55,626.40
04.11.2004,612.38,633.29
05.11.2004,630.14,638.57
09.11.2004,636.02,643.57
10.11.2004,625.00,637.73
11.11.2004,621.13,634.10
12.11.2004,623.62,627.57
15.11.2004,626.02,631.15
16.11.2004,622.12,632.66
17.11.2004,629.69,642.25
18.11.2004,633.12,649.49
19.11.2004,606.14,645.77
22.11.2004,608.71,620.18
23.11.2004,598.50,614.46
24.11.2004,584.02,605.88
25.11.2004,565.16,587.02
26.11.2004,572.21,584.61
29.11.2004,568.35,580.25
30.11.2004,570.44,577.65
01.12.2004,548.74,570.88
02.12.2004,537.64,555.52
03.12.2004,533.98,552.98
06.12.2004,526.76,539.21
07.12.2004,538.50,556.76
08.12.2004,508.20,558.19
09.12.2004,493.52,532.06
10.12.2004,483.55,509.82
14.12.2004,495.23,518.90
15.12.2004,508.56,523.32
16.12.2004,511.50,522.87
17.12.2004,492.09,516.10
20.12.2004,489.96,512.60
21.12.2004,512.25,537.86
22.12.2004,525.03,536.73
23.12.2004,528.23,547.89
24.12.2004,540.92,550.09
27.12.2004,545.84,556.28
28.12.2004,544.92,557.68
29.12.2004,538.24,548.15
30.12.2004,545.59,552.68
11.01.2005,542.78,556.20
12.01.2005,539.63,550.68
13.01.2005,539.59,546.77
14.01.2005,543.36,553.62
17.01.2005,544.04,558.36
18.01.2005,533.97,547.91
19.01.2005,533.89,543.52
20.01.2005,532.26,543.98
21.01.2005,532.41,539.65
24.01.2005,537.72,548.53
25.01.2005,547.79,558.97
26.01.2005,548.02,556.00
27.01.2005,551.20,559.25
28.01.2005,552.84,572.96
31.01.2005,568.07,583.62
01.02.2005,572.47,584.15
02.02.2005,582.50,591.86
03.02.2005,587.98,596.38
04.02.2005,587.69,594.46
07.02.2005,588.00,599.50
08.02.2005,584.64,596.51
09.02.2005,589.16,600.67
10.02.2005,582.69,590.96
11.02.2005,581.96,591.30
14.02.2005,582.88,592.33
15.02.2005,585.24,591.75
16.02.2005,590.61,598.08
17.02.2005,593.55,600.42
18.02.2005,594.67,602.87
21.02.2005,600.67,605.44
22.02.2005,600.14,607.90
24.02.2005,603.24,619.97
25.02.2005,618.39,626.80
28.02.2005,623.31,635.42
01.03.2005,621.94,635.83
02.03.2005,608.35,628.13
03.03.2005,606.85,613.70
04.03.2005,608.80,622.69
05.03.2005,622.31,626.32
09.03.2005,619.20,632.28
10.03.2005,604.36,623.74
11.03.2005,597.41,608.66
14.03.2005,596.26,609.09
15.03.2005,593.88,604.43
16.03.2005,573.40,596.70
17.03.2005,573.36,584.52
18.03.2005,579.30,592.43
21.03.2005,569.43,586.98
22.03.2005,568.72,584.11
23.03.2005,566.27,584.09
24.03.2005,573.76,597.88
25.03.2005,596.94,605.18
28.03.2005,595.83,604.37
29.03.2005,593.67,604.45
30.03.2005,584.63,596.98
31.03.2005,590.94,598.63
01.04.2005,595.01,612.00
04.04.2005,604.34,615.44
05.04.2005,604.19,612.85
06.04.2005,611.78,626.74
07.04.2005,622.86,633.10
08.04.2005,623.38,634.48
11.04.2005,605.44,631.14
12.04.2005,606.14,617.57
13.04.2005,615.94,624.04
14.04.2005,604.13,617.02
15.04.2005,600.20,608.31
18.04.2005,586.34,602.71
19.04.2005,591.11,598.51
20.04.2005,593.47,604.36
21.04.2005,591.56,604.32
22.04.2005,603.79,612.57
25.04.2005,608.01,621.29
26.04.2005,604.13,614.00
27.04.2005,594.85,606.00
28.04.2005,592.33,601.98
29.04.2005,592.25,597.95
03.05.2005,593.88,598.62
04.05.2005,595.35,601.60
05.05.2005,597.51,604.74
06.05.2005,596.10,599.70
11.05.2005,588.35,597.37
12.05.2005,580.89,589.25
13.05.2005,572.41,581.56
14.05.2005,577.91,580.50
16.05.2005,564.42,578.80
17.05.2005,563.24,587.01
18.05.2005,583.74,590.03
19.05.2005,586.00,591.50
20.05.2005,583.30,588.11
23.05.2005,584.13,587.37
24.05.2005,587.06,605.34
25.05.2005,595.20,606.54
26.05.2005,593.87,601.75
27.05.2005,596.11,602.56
30.05.2005,592.92,597.83
31.05.2005,593.97,606.34
01.06.2005,596.98,604.83
02.06.2005,601.29,608.88
03.06.2005,604.09,610.22
06.06.2005,602.80,609.09
07.06.2005,602.78,609.02
08.06.2005,604.18,608.60
09.06.2005,604.95,608.37
10.06.2005,605.43,612.07
14.06.2005,611.19,620.91
15.06.2005,615.70,623.13
16.06.2005,615.15,623.26
17.06.2005,616.78,624.46
20.06.2005,623.92,627.38
21.06.2005,618.42,624.69
22.06.2005,620.31,629.01
23.06.2005,626.35,635.28
24.06.2005,628.63,634.87
27.06.2005,627.26,633.15
28.06.2005,623.60,630.99
29.06.2005,629.07,634.09
30.06.2005,630.08,642.26
01.07.2005,639.35,649.67
04.07.2005,649.08,657.35
05.07.2005,648.02,656.37
06.07.2005,651.12,675.67
07.07.2005,656.35,679.07
08.07.2005,671.73,684.78
11.07.2005,679.55,688.24
12.07.2005,673.51,683.42
13.07.2005,676.79,688.91
14.07.2005,681.58,689.32
15.07.2005,672.82,682.89
18.07.2005,670.16,679.69
19.07.2005,670.38,680.03
20.07.2005,679.56,689.50
21.07.2005,682.21,693.96
22.07.2005,683.18,699.02
25.07.2005,695.15,705.31
26.07.2005,690.86,703.46
27.07.2005,691.74,702.11
28.07.2005,693.09,704.14
29.07.2005,698.36,708.89
01.08.2005,691.79,703.53
02.08.2005,702.34,711.96
03.08.2005,696.12,713.89
04.08.2005,694.17,713.31
05.08.2005,708.77,716.15
08.08.2005,712.46,720.26
09.08.2005,716.15,724.79
10.08.2005,717.51,727.01
11.08.2005,709.10,725.13
12.08.2005,701.59,711.27
15.08.2005,702.86,715.30
16.08.2005,714.42,738.39
17.08.2005,732.30,748.40
18.08.2005,734.24,750.68
19.08.2005,739.90,757.74
22.08.2005,751.11,765.44
23.08.2005,758.20,764.49
24.08.2005,755.17,765.48
25.08.2005,757.95,766.08
26.08.2005,765.53,771.95
29.08.2005,764.84,773.64
30.08.2005,772.91,788.52
31.08.2005,766.25,784.41
01.09.2005,784.28,800.32
02.09.2005,790.11,804.08
05.09.2005,795.81,811.33
06.09.2005,772.04,797.46
07.09.2005,748.46,779.34
08.09.2005,755.93,774.76
09.09.2005,773.61,795.55
12.09.2005,788.82,801.76
13.09.2005,784.74,796.09
14.09.2005,776.44,790.01
15.09.2005,790.00,802.22
16.09.2005,792.37,817.17
19.09.2005,809.06,835.93
20.09.2005,824.87,857.23
21.09.2005,824.25,860.05
22.09.2005,856.79,874.53
23.09.2005,852.41,872.94
26.09.2005,847.93,864.56
27.09.2005,853.78,891.97
28.09.2005,877.60,900.41
29.09.2005,877.71,895.34
30.09.2005,879.19,895.21
03.10.2005,892.50,933.78
04.10.2005,932.87,957.16
05.10.2005,895.85,939.44
06.10.2005,840.16,898.99
07.10.2005,832.36,858.41
10.10.2005,843.49,873.82
11.10.2005,866.29,901.76
12.10.2005,857.73,917.42
13.10.2005,825.75,859.70
14.10.2005,807.95,841.45
17.10.2005,801.99,829.19
18.10.2005,819.08,834.58
19.10.2005,785.65,821.62
20.10.2005,786.56,803.90
21.10.2005,773.45,801.17
24.10.2005,795.32,826.18
25.10.2005,802.38,835.89
26.10.2005,809.87,822.79
27.10.2005,796.55,821.49
28.10.2005,791.52,821.73
31.10.2005,818.64,843.42
01.11.2005,837.81,856.67
02.11.2005,844.43,873.34
03.11.2005,869.95,883.52
07.11.2005,866.85,887.43
08.11.2005,871.21,885.69
09.11.2005,880.14,898.36
10.11.2005,874.48,891.72
11.11.2005,869.03,880.86
14.11.2005,879.29,905.04
15.11.2005,898.76,914.06
16.11.2005,893.17,906.01
17.11.2005,905.86,933.88
18.11.2005,920.04,935.99
21.11.2005,928.13,944.82
22.11.2005,917.30,939.73
23.11.2005,920.02,932.53
24.11.2005,920.52,932.34
25.11.2005,926.11,941.53
28.11.2005,939.76,954.96
29.11.2005,927.38,941.26
30.11.2005,932.06,946.15
01.12.2005,944.55,970.35
02.12.2005,970.34,992.34
05.12.2005,982.06,999.03
06.12.2005,973.29,990.42
07.12.2005,983.36,997.27
08.12.2005,970.52,996.06
09.12.2005,991.80,1003.88
12.12.2005,994.27,1006.82
13.12.2005,995.45,1004.82
14.12.2005,993.44,1002.16
15.12.2005,992.27,1004.56
16.12.2005,990.69,999.07
19.12.2005,991.48,1002.68
20.12.2005,976.63,1000.44
21.12.2005,995.79,1002.40
22.12.2005,1001.79,1021.79
23.12.2005,1015.09,1032.73
26.12.2005,1015.90,1022.25
27.12.2005,1013.18,1022.04
28.12.2005,997.68,1013.41
29.12.2005,1004.57,1014.19
30.12.2005,1009.11,1015.65
10.01.2006,1011.00,1069.30
11.01.2006,1058.93,1088.60
12.01.2006,1088.03,1136.07
13.01.2006,1099.60,1141.20
16.01.2006,1112.46,1151.23
17.01.2006,1109.75,1169.85
18.01.2006,1083.61,1124.79
19.01.2006,1089.57,1147.98
20.01.2006,1147.80,1175.22
23.01.2006,1136.59,1169.04
24.01.2006,1144.10,1163.81
25.01.2006,1156.29,1182.62
26.01.2006,1175.10,1196.75
27.01.2006,1187.11,1227.05
30.01.2006,1183.01,1242.08
31.01.2006,1168.10,1209.08
01.02.2006,1158.12,1201.35
02.02.2006,1186.42,1204.14
03.02.2006,1159.33,1195.14
06.02.2006,1163.75,1195.48
07.02.2006,1178.46,1197.83
08.02.2006,1165.09,1205.67
09.02.2006,1204.32,1237.60
10.02.2006,1220.96,1245.33
13.02.2006,1215.43,1245.88
14.02.2006,1229.93,1274.19
15.02.2006,1215.81,1256.67
16.02.2006,1230.04,1262.54
17.02.2006,1255.05,1301.06
20.02.2006,1301.04,1338.54
21.02.2006,1317.61,1349.12
22.02.2006,1314.87,1349.07
26.02.2006,1348.67,1401.94
27.02.2006,1369.47,1424.62
28.02.2006,1315.78,1400.31
01.03.2006,1300.85,1349.09
02.03.2006,1328.86,1357.55
03.03.2006,1341.69,1367.98
06.03.2006,1330.84,1366.09
07.03.2006,1256.97,1336.92
09.03.2006,1206.20,1261.93
10.03.2006,1205.30,1249.70
13.03.2006,1232.77,1275.63
14.03.2006,1224.97,1292.81
15.03.2006,1235.29,1258.94
16.03.2006,1236.01,1258.28
17.03.2006,1253.68,1295.29
20.03.2006,1265.37,1303.40
21.03.2006,1253.31,1272.05
22.03.2006,1254.95,1280.76
23.03.2006,1278.37,1300.46
24.03.2006,1266.55,1295.65
27.03.2006,1290.35,1305.71
28.03.2006,1268.75,1294.57
29.03.2006,1246.41,1273.17
30.03.2006,1251.82,1296.25
31.03.2006,1288.90,1309.48
03.04.2006,1297.04,1319.07
04.04.2006,1301.30,1327.97
05.04.2006,1308.00,1338.30
06.04.2006,1336.04,1361.16
07.04.2006,1334.47,1377.97
10.04.2006,1360.41,1410.55
11.04.2006,1394.81,1440.07
12.04.2006,1375.76,1420.13
13.04.2006,1390.40,1428.19
14.04.2006,1395.57,1413.26
17.04.2006,1413.24,1430.73
18.04.2006,1429.58,1445.75
19.04.2006,1441.52,1462.34
20.04.2006,1444.18,1468.37
21.04.2006,1435.50,1460.00
24.04.2006,1458.53,1472.03
25.04.2006,1452.77,1474.06
26.04.2006,1454.64,1501.42
27.04.2006,1436.08,1519.00
28.04.2006,1439.66,1488.90
02.05.2006,1486.85,1542.07
03.05.2006,1524.41,1564.18
04.05.2006,1516.09,1561.04
05.05.2006,1547.41,1575.58
06.05.2006,1562.02,1585.57
10.05.2006,1539.14,1616.32
11.05.2006,1480.67,1577.49
12.05.2006,1482.75,1534.51
15.05.2006,1386.80,1483.62
16.05.2006,1343.33,1418.94
17.05.2006,1342.42,1435.23
18.05.2006,1272.24,1343.86
19.05.2006,1263.96,1332.95
22.05.2006,1120.06,1274.42
23.05.2006,1122.41,1266.51
24.05.2006,1180.35,1268.33
25.05.2006,1191.03,1284.16
26.05.2006,1274.37,1348.74
29.05.2006,1312.38,1367.95
30.05.2006,1271.58,1329.14
31.05.2006,1254.85,1317.29
01.06.2006,1268.63,1299.78
02.06.2006,1298.84,1365.23
05.06.2006,1343.21,1389.21
06.06.2006,1273.68,1364.33
07.06.2006,1219.98,1293.76
08.06.2006,1172.86,1270.94
09.06.2006,1173.11,1229.80
13.06.2006,1078.19,1191.66
14.06.2006,1062.82,1150.65
15.06.2006,1149.34,1203.28
16.06.2006,1157.70,1256.27
19.06.2006,1176.54,1220.49
20.06.2006,1166.27,1235.70
21.06.2006,1199.59,1249.62
22.06.2006,1192.24,1263.85
23.06.2006,1179.87,1211.86
26.06.2006,1178.25,1207.85
27.06.2006,1200.56,1259.36
28.06.2006,1220.65,1272.08
29.06.2006,1259.94,1297.91
30.06.2006,1292.20,1344.78
03.07.2006,1331.15,1360.49
04.07.2006,1339.37,1374.63
05.07.2006,1304.85,1374.21
06.07.2006,1312.79,1368.63
07.07.2006,1351.47,1387.23
10.07.2006,1353.19,1384.49
11.07.2006,1366.00,1389.95
12.07.2006,1368.63,1395.37
13.07.2006,1296.33,1376.30
14.07.2006,1264.85,1334.90
17.07.2006,1272.77,1313.09
18.07.2006,1255.05,1301.36
19.07.2006,1278.16,1333.29
20.07.2006,1325.52,1356.96
21.07.2006,1309.56,1330.05
24.07.2006,1305.57,1337.96
25.07.2006,1332.03,1354.98
26.07.2006,1332.35,1352.86
27.07.2006,1344.43,1393.68
28.07.2006,1367.94,1394.62
31.07.2006,1376.03,1403.18
01.08.2006,1363.67,1403.64
02.08.2006,1369.51,1399.55
03.08.2006,1377.96,1412.15
04.08.2006,1408.20,1455.33
07.08.2006,1423.49,1449.73
08.08.2006,1425.83,1454.05
09.08.2006,1434.26,1466.51
10.08.2006,1439.76,1462.68
11.08.2006,1454.27,1480.66
14.08.2006,1471.04,1498.67
15.08.2006,1435.69,1477.48
16.08.2006,1463.67,1495.32
17.08.2006,1464.16,1491.46
18.08.2006,1395.98,1468.32
21.08.2006,1403.44,1436.24
22.08.2006,1430.93,1457.03
23.08.2006,1438.23,1468.00
24.08.2006,1437.33,1456.92
25.08.2006,1440.09,1461.10
28.08.2006,1445.29,1456.86
29.08.2006,1441.16,1475.36
30.08.2006,1450.41,1466.58
31.08.2006,1443.61,1474.25
01.09.2006,1431.33,1453.72
04.09.2006,1431.26,1453.38
05.09.2006,1442.70,1482.21
06.09.2006,1443.30,1481.21
07.09.2006,1395.64,1446.37
08.09.2006,1395.30,1413.85
11.09.2006,1343.57,1405.87
12.09.2006,1348.82,1371.83
13.09.2006,1356.99,1396.04
14.09.2006,1379.16,1412.75
15.09.2006,1364.63,1396.22
18.09.2006,1367.38,1390.48
19.09.2006,1384.47,1399.50
20.09.2006,1355.67,1396.07
21.09.2006,1338.70,1376.28
22.09.2006,1299.47,1357.23
25.09.2006,1253.38,1300.21
26.09.2006,1255.48,1305.77
27.09.2006,1305.77,1343.28
28.09.2006,1333.55,1372.75
29.09.2006,1351.19,1379.93
02.10.2006,1358.84,1384.65
03.10.2006,1330.82,1369.39
04.10.2006,1304.65,1345.37
05.10.2006,1338.27,1396.21
06.10.2006,1363.06,1390.05
09.10.2006,1367.00,1412.95
10.10.2006,1394.20,1421.11
11.10.2006,1387.02,1418.21
12.10.2006,1399.65,1417.90
13.10.2006,1412.70,1440.68
16.10.2006,1426.53,1450.99
17.10.2006,1421.70,1457.75
18.10.2006,1422.80,1451.67
19.10.2006,1438.54,1455.38
20.10.2006,1436.60,1466.82
23.10.2006,1424.77,1448.06
24.10.2006,1416.24,1444.66
25.10.2006,1424.38,1449.10
26.10.2006,1437.50,1462.94
27.10.2006,1420.02,1444.39
30.10.2006,1400.54,1434.97
31.10.2006,1399.46,1427.11
01.11.2006,1426.86,1458.18
02.11.2006,1432.82,1456.00
03.11.2006,1434.13,1454.65
07.11.2006,1452.72,1488.66
08.11.2006,1468.62,1484.38
09.11.2006,1477.37,1505.11
10.11.2006,1487.28,1506.76
13.11.2006,1495.37,1511.19
14.11.2006,1490.18,1507.75
15.11.2006,1496.84,1509.14
16.11.2006,1498.08,1521.00
17.11.2006,1485.55,1519.01
20.11.2006,1485.94,1505.83
21.11.2006,1490.58,1513.00
22.11.2006,1501.04,1521.81
23.11.2006,1502.53,1518.82
24.11.2006,1508.74,1521.73
27.11.2006,1516.44,1529.48
28.11.2006,1505.81,1521.11
29.11.2006,1521.11,1547.51
30.11.2006,1545.15,1558.83
01.12.2006,1546.42,1565.52
04.12.2006,1550.04,1565.00
05.12.2006,1564.13,1589.53
06.12.2006,1580.94,1603.85
07.12.2006,1595.47,1616.08
08.12.2006,1599.82,1617.74
11.12.2006,1597.37,1627.15
12.12.2006,1605.27,1623.65
13.12.2006,1569.53,1610.69
14.12.2006,1599.74,1615.03
15.12.2006,1614.09,1630.08
18.12.2006,1622.21,1633.72
19.12.2006,1582.79,1631.50
20.12.2006,1604.19,1631.03
21.12.2006,1614.60,1630.07
22.12.2006,1617.76,1635.96
25.12.2006,1608.99,1623.31
26.12.2006,1610.36,1620.30
27.12.2006,1611.46,1643.25
28.12.2006,1642.90,1684.31
29.12.2006,1677.16,1698.44
09.01.2007,1567.69,1693.47
10.01.2007,1528.85,1580.65
11.01.2007,1556.53,1608.19
12.01.2007,1581.30,1602.85
15.01.2007,1591.47,1652.93
16.01.2007,1636.15,1680.41
17.01.2007,1597.21,1655.15
18.01.2007,1605.36,1647.88
19.01.2007,1595.60,1617.43
22.01.2007,1617.09,1655.56
23.01.2007,1643.39,1666.30
24.01.2007,1658.48,1690.32
25.01.2007,1662.28,1695.50
26.01.2007,1664.93,1681.46
29.01.2007,1640.44,1685.03
30.01.2007,1606.44,1645.54
31.01.2007,1645.02,1668.30
01.02.2007,1656.94,1707.47
02.02.2007,1682.19,1712.21
05.02.2007,1698.68,1714.15
06.02.2007,1708.00,1735.82
07.02.2007,1714.59,1738.89
08.02.2007,1678.70,1724.39
09.02.2007,1679.76,1708.25
12.02.2007,1639.47,1695.24
13.02.2007,1618.92,1679.03
14.02.2007,1676.80,1693.91
15.02.2007,1685.40,1707.57
16.02.2007,1676.59,1698.35
19.02.2007,1694.25,1713.16
20.02.2007,1682.34,1702.97
21.02.2007,1682.48,1703.14
22.02.2007,1697.21,1729.13
26.02.2007,1728.44,1756.85
27.02.2007,1672.74,1754.75
28.02.2007,1608.85,1682.12
01.03.2007,1553.01,1673.11
02.03.2007,1566.48,1608.68
05.03.2007,1484.69,1591.32
06.03.2007,1538.98,1571.17
07.03.2007,1548.88,1583.64
09.03.2007,1565.39,1625.68
12.03.2007,1599.41,1635.41
13.03.2007,1596.39,1630.77
14.03.2007,1528.54,1614.61
15.03.2007,1569.87,1609.95
16.03.2007,1598.78,1622.49
19.03.2007,1609.80,1647.79
20.03.2007,1617.24,1657.21
21.03.2007,1629.09,1650.58
22.03.2007,1646.07,1688.90
23.03.2007,1671.60,1703.58
26.03.2007,1697.75,1713.40
27.03.2007,1675.97,1702.85
28.03.2007,1679.17,1707.16
29.03.2007,1696.21,1718.00
30.03.2007,1690.49,1730.36
02.04.2007,1679.87,1698.29
03.04.2007,1685.54,1705.77
04.04.2007,1700.07,1715.82
05.04.2007,1702.17,1720.98
06.04.2007,1718.48,1727.54
09.04.2007,1727.37,1758.91
10.04.2007,1734.19,1761.77
11.04.2007,1752.09,1765.95
12.04.2007,1730.15,1754.93
13.04.2007,1734.17,1772.78
16.04.2007,1760.51,1780.54
17.04.2007,1742.93,1777.84
18.04.2007,1726.26,1759.44
19.04.2007,1671.57,1726.26
20.04.2007,1692.05,1743.97
23.04.2007,1738.26,1758.10
24.04.2007,1714.74,1751.45
25.04.2007,1714.05,1744.28
26.04.2007,1723.60,1757.63
27.04.2007,1668.65,1729.03
28.04.2007,1678.06,1697.46
02.05.2007,1676.49,1698.43
03.05.2007,1679.18,1701.29
04.05.2007,1691.56,1705.12
07.05.2007,1694.36,1707.23
08.05.2007,1681.29,1702.67
10.05.2007,1659.08,1704.49
11.05.2007,1621.04,1664.89
14.05.2007,1606.33,1649.71
15.05.2007,1600.53,1632.46
16.05.2007,1603.04,1635.98
17.05.2007,1616.07,1648.96
18.05.2007,1618.91,1648.09
21.05.2007,1645.53,1662.25
22.05.2007,1633.98,1657.95
23.05.2007,1595.00,1645.86
24.05.2007,1543.81,1597.42
25.05.2007,1555.38,1591.00
28.05.2007,1547.43,1595.63
29.05.2007,1518.30,1574.51
30.05.2007,1485.66,1524.79
31.05.2007,1516.09,1570.83
01.06.2007,1555.67,1621.49
04.06.2007,1597.73,1624.54
05.06.2007,1611.81,1632.14
06.06.2007,1596.98,1628.88
07.06.2007,1585.90,1615.10
08.06.2007,1566.32,1594.41
09.06.2007,1586.02,1600.00
13.06.2007,1582.71,1611.73
14.06.2007,1610.83,1662.71
15.06.2007,1651.00,1679.30
18.06.2007,1672.29,1691.01
19.06.2007,1665.78,1692.65
20.06.2007,1670.36,1703.53
21.06.2007,1671.76,1701.09
22.06.2007,1667.98,1686.13
25.06.2007,1654.83,1675.65
26.06.2007,1649.51,1674.16
27.06.2007,1649.60,1672.68
28.06.2007,1654.89,1677.46
29.06.2007,1656.73,1678.85
02.07.2007,1665.28,1684.36
03.07.2007,1682.69,1710.84
04.07.2007,1699.50,1710.50
05.07.2007,1702.04,1733.78
06.07.2007,1718.97,1736.07
09.07.2007,1734.63,1756.05
10.07.2007,1721.67,1753.75
11.07.2007,1709.11,1744.53
12.07.2007,1737.63,1789.12
13.07.2007,1785.66,1807.55
16.07.2007,1777.06,1798.99
17.07.2007,1764.96,1792.99
18.07.2007,1755.86,1789.88
19.07.2007,1767.63,1802.82
20.07.2007,1783.70,1817.58
23.07.2007,1775.52,1812.10
24.07.2007,1766.66,1811.02
25.07.2007,1748.67,1781.00
26.07.2007,1721.06,1792.04
27.07.2007,1677.63,1724.28
30.07.2007,1685.40,1728.22
31.07.2007,1702.63,1737.08
01.08.2007,1677.77,1734.42
02.08.2007,1693.14,1712.88
03.08.2007,1706.22,1728.94
06.08.2007,1680.20,1715.47
07.08.2007,1687.92,1710.59
08.08.2007,1692.10,1725.56
09.08.2007,1670.48,1736.66
10.08.2007,1626.17,1676.36
13.08.2007,1644.13,1681.68
14.08.2007,1666.22,1684.32
15.08.2007,1636.49,1676.85
16.08.2007,1583.50,1639.68
17.08.2007,1567.40,1639.80
20.08.2007,1621.66,1646.27
21.08.2007,1582.15,1628.91
22.08.2007,1596.77,1634.32
23.08.2007,1632.99,1656.94
24.08.2007,1614.84,1642.04
27.08.2007,1634.01,1662.51
28.08.2007,1639.76,1657.06
29.08.2007,1617.61,1642.29
30.08.2007,1639.48,1663.03
31.08.2007,1641.06,1681.20
03.09.2007,1669.14,1686.31
04.09.2007,1659.26,1678.74
05.09.2007,1652.99,1671.30
06.09.2007,1654.00,1676.54
07.09.2007,1633.82,1673.17
10.09.2007,1630.83,1645.89
11.09.2007,1641.04,1651.60
12.09.2007,1633.16,1656.40
13.09.2007,1635.69,1666.99
14.09.2007,1652.66,1669.13
17.09.2007,1638.82,1660.97
18.09.2007,1646.89,1672.47
19.09.2007,1669.06,1731.06
20.09.2007,1704.57,1730.74
21.09.2007,1711.70,1727.85
24.09.2007,1719.20,1742.27
25.09.2007,1702.50,1736.38
26.09.2007,1703.72,1745.12
27.09.2007,1744.91,1760.45
28.09.2007,1750.47,1763.33
01.10.2007,1724.32,1759.44
02.10.2007,1733.39,1796.20
03.10.2007,1773.80,1806.90
04.10.2007,1767.29,1786.12
05.10.2007,1777.80,1807.26
08.10.2007,1798.69,1821.21
09.10.2007,1798.66,1828.43
10.10.2007,1815.40,1839.15
11.10.2007,1817.97,1849.34
12.10.2007,1821.91,1848.82
15.10.2007,1835.21,1851.76
16.10.2007,1820.70,1839.45
17.10.2007,1809.06,1829.66
18.10.2007,1792.91,1833.28
19.10.2007,1794.31,1815.91
22.10.2007,1762.36,1801.42
23.10.2007,1772.35,1801.40
24.10.2007,1784.51,1800.92
25.10.2007,1792.04,1828.11
26.10.2007,1816.90,1855.01
29.10.2007,1854.47,1885.10
30.10.2007,1845.19,1872.00
31.10.2007,1847.71,1877.34
01.11.2007,1849.56,1910.18
02.11.2007,1845.10,1885.08
06.11.2007,1877.47,1909.13
07.11.2007,1891.81,1923.96
08.11.2007,1875.55,1924.62
09.11.2007,1888.47,1933.20
12.11.2007,1881.09,1907.09
13.11.2007,1861.74,1890.01
14.11.2007,1859.51,1884.20
15.11.2007,1854.59,1878.00
16.11.2007,1827.90,1855.98
19.11.2007,1805.41,1847.91
20.11.2007,1790.70,1821.70
21.11.2007,1778.72,1816.00
22.11.2007,1761.61,1795.47
23.11.2007,1768.92,1793.77
26.11.2007,1793.03,1826.29
27.11.2007,1786.96,1818.58
28.11.2007,1778.29,1813.58
29.11.2007,1813.09,1837.58
30.11.2007,1822.59,1853.10
03.12.2007,1836.61,1857.47
04.12.2007,1832.00,1848.73
05.12.2007,1833.86,1895.42
06.12.2007,1883.14,1912.57
07.12.2007,1891.16,1919.31
10.12.2007,1898.65,1952.24
11.12.2007,1942.05,1967.74
12.12.2007,1928.34,1970.46
13.12.2007,1921.40,1969.91
14.12.2007,1880.74,1936.80
17.12.2007,1867.97,1899.04
18.12.2007,1883.50,1913.41
19.12.2007,1884.62,1920.50
20.12.2007,1899.42,1927.84
21.12.2007,1917.95,1939.51
24.12.2007,1927.51,1943.88
25.12.2007,1916.17,1935.00
26.12.2007,1901.02,1919.66
27.12.2007,1896.14,1917.77
28.12.2007,1883.72,1907.39
09.01.2008,1888.86,1921.14
10.01.2008,1905.04,1922.20
11.01.2008,1901.59,1920.30
14.01.2008,1902.15,1931.52
15.01.2008,1913.90,1942.36
16.01.2008,1818.35,1921.38
17.01.2008,1779.29,1847.59
18.01.2008,1768.22,1805.42
21.01.2008,1645.40,1788.34
22.01.2008,1509.13,1715.57
23.01.2008,1563.26,1693.90
24.01.2008,1570.90,1663.60
25.01.2008,1661.99,1711.58
28.01.2008,1627.88,1705.20
29.01.2008,1635.33,1679.80
30.01.2008,1637.96,1678.42
31.01.2008,1560.19,1647.54
01.02.2008,1574.33,1663.24
04.02.2008,1640.49,1691.65
05.02.2008,1625.53,1710.50
06.02.2008,1572.52,1639.50
07.02.2008,1549.56,1633.77
08.02.2008,1553.44,1610.38
11.02.2008,1561.22,1617.51
12.02.2008,1605.10,1666.42
13.02.2008,1635.89,1695.93
14.02.2008,1684.64,1720.07
15.02.2008,1646.64,1693.58
18.02.2008,1655.31,1696.24
19.02.2008,1668.41,1707.10
20.02.2008,1670.52,1706.47
21.02.2008,1683.43,1732.10
22.02.2008,1697.23,1728.80
26.02.2008,1718.58,1746.95
27.02.2008,1704.45,1745.05
28.02.2008,1687.13,1712.18
29.02.2008,1654.64,1707.55
03.03.2008,1611.14,1660.42
04.03.2008,1623.03,1672.46
05.03.2008,1626.60,1655.97
06.03.2008,1645.96,1672.73
07.03.2008,1609.28,1652.01
11.03.2008,1612.15,1675.17
12.03.2008,1668.46,1698.41
13.03.2008,1644.17,1677.41
14.03.2008,1644.58,1691.01
17.03.2008,1551.81,1651.91
18.03.2008,1570.82,1608.17
19.03.2008,1595.90,1636.35
20.03.2008,1550.74,1602.52
21.03.2008,1569.18,1589.86
24.03.2008,1568.37,1623.35
25.03.2008,1589.93,1626.29
26.03.2008,1587.41,1607.05
27.03.2008,1592.32,1634.24
28.03.2008,1617.01,1639.52
31.03.2008,1608.22,1636.24
01.04.2008,1615.79,1650.60
02.04.2008,1640.34,1663.09
03.04.2008,1631.01,1666.64
04.04.2008,1623.73,1642.88
07.04.2008,1635.04,1677.15
08.04.2008,1654.53,1673.78
09.04.2008,1654.07,1684.92
10.04.2008,1665.74,1688.01
11.04.2008,1648.41,1697.40
14.04.2008,1625.71,1649.00
15.04.2008,1638.29,1661.42
16.04.2008,1658.11,1692.82
17.04.2008,1664.01,1705.73
18.04.2008,1672.75,1709.05
21.04.2008,1686.11,1717.74
22.04.2008,1677.90,1695.83
23.04.2008,1658.32,1691.96
24.04.2008,1643.71,1677.13
25.04.2008,1642.60,1670.14
28.04.2008,1665.51,1686.93
29.04.2008,1668.03,1680.57
30.04.2008,1650.01,1668.93
12.05.2008,1795.67,1828.85
13.05.2008,1807.27,1845.41
14.05.2008,1832.46,1905.06
15.05.2008,1888.39,1931.78
16.05.2008,1895.30,1949.64
19.05.2008,1931.21,1966.32
20.05.2008,1914.24,1956.14
21.05.2008,1912.82,1963.45
22.05.2008,1890.84,1952.86
23.05.2008,1877.50,1915.85
26.05.2008,1879.42,1909.67
27.05.2008,1851.98,1916.98
28.05.2008,1839.60,1873.12
29.05.2008,1871.25,1911.77
30.05.2008,1899.50,1926.06
02.06.2008,1904.02,1932.01
03.06.2008,1892.45,1915.84
04.06.2008,1831.14,1901.09
05.06.2008,1823.30,1855.22
06.06.2008,1842.98,1875.10
09.06.2008,1811.06,1836.67
10.06.2008,1796.73,1827.91
11.06.2008,1811.26,1833.79
16.06.2008,1826.67,1848.84
17.06.2008,1831.88,1858.45
18.06.2008,1846.03,1875.09
19.06.2008,1832.59,1860.59
20.06.2008,1823.23,1852.66
24.06.2008,1761.06,1802.83
25.06.2008,1752.64,1783.04
26.06.2008,1745.05,1772.34
27.06.2008,1725.50,1772.80
30.06.2008,1739.57,1779.63
01.07.2008,1692.97,1759.97
02.07.2008,1693.21,1720.48
03.07.2008,1668.83,1709.17
04.07.2008,1662.37,1702.95
07.07.2008,1666.75,1690.81
08.07.2008,1631.03,1679.32
09.07.2008,1652.21,1675.78
10.07.2008,1635.28,1671.71
11.07.2008,1618.60,1674.76
14.07.2008,1621.88,1666.73
15.07.2008,1615.35,1666.48
16.07.2008,1603.30,1644.57
17.07.2008,1640.89,1689.91
18.07.2008,1620.56,1689.30
21.07.2008,1608.96,1645.57
22.07.2008,1602.06,1634.36
23.07.2008,1595.14,1623.88
24.07.2008,1572.70,1603.12
25.07.2008,1478.53,1573.53
28.07.2008,1450.89,1515.84
29.07.2008,1416.17,1466.13
30.07.2008,1439.01,1501.52
31.07.2008,1490.15,1540.92
01.08.2008,1473.26,1504.72
04.08.2008,1451.35,1493.07
05.08.2008,1396.12,1451.47
06.08.2008,1352.14,1438.37
07.08.2008,1406.63,1453.22
08.08.2008,1352.93,1434.89
11.08.2008,1282.17,1413.97
12.08.2008,1384.29,1466.68
13.08.2008,1422.70,1460.67
14.08.2008,1424.44,1463.02
15.08.2008,1432.17,1462.37
18.08.2008,1447.03,1471.16
19.08.2008,1351.84,1448.64
20.08.2008,1361.51,1393.65
21.08.2008,1345.43,1403.35
22.08.2008,1371.79,1412.29
25.08.2008,1319.27,1383.31
26.08.2008,1238.94,1320.58
27.08.2008,1264.57,1323.84
28.08.2008,1295.84,1366.09
29.08.2008,1328.54,1365.29
01.09.2008,1332.27,1381.00
02.09.2008,1339.93,1375.67
03.09.2008,1323.08,1368.99
04.09.2008,1272.66,1351.70
05.09.2008,1166.03,1281.86
08.09.2008,1234.71,1297.16
09.09.2008,1148.45,1273.78
11.09.2008,1070.93,1139.62
12.09.2008,1073.02,1149.78
15.09.2008,1040.34,1137.76
16.09.2008,864.79,1067.45
17.09.2008,788.34,948.31
18.09.2008,853.93,853.93
19.09.2008,853.93,1125.01
22.09.2008,1080.31,1162.55
23.09.2008,1047.52,1105.80
24.09.2008,1071.18,1122.03
25.09.2008,1075.00,1113.44
26.09.2008,1063.03,1097.23
29.09.2008,1015.08,1084.12
30.09.2008,945.48,1035.16
01.10.2008,1004.74,1052.27
02.10.2008,974.48,1029.44
03.10.2008,904.12,976.12
06.10.2008,743.32,924.55
07.10.2008,691.53,794.72
08.10.2008,631.50,744.76
09.10.2008,637.87,747.98
10.10.2008,700.37,700.37
13.10.2008,654.91,733.30
14.10.2008,666.37,775.04
15.10.2008,681.06,755.22
16.10.2008,611.92,689.71
17.10.2008,576.52,666.95
20.10.2008,599.64,639.24
21.10.2008,626.42,669.45
22.10.2008,612.09,652.51
23.10.2008,583.25,628.12
24.10.2008,508.84,598.87
27.10.2008,513.62,513.62
28.10.2008,493.61,541.50
29.10.2008,534.87,609.37
30.10.2008,608.88,729.21
31.10.2008,688.01,735.44
01.11.2008,731.96,797.46
05.11.2008,761.17,871.52
06.11.2008,700.55,775.19
07.11.2008,680.86,732.54
10.11.2008,725.93,787.44
11.11.2008,644.79,741.51
12.11.2008,647.80,647.80
13.11.2008,536.64,647.80
14.11.2008,591.83,661.52
17.11.2008,546.68,596.62
18.11.2008,520.35,579.82
19.11.2008,534.22,579.67
20.11.2008,503.54,558.12
21.11.2008,515.97,562.33
24.11.2008,516.93,605.33
25.11.2008,590.45,637.91
26.11.2008,585.16,609.57
27.11.2008,588.02,632.73
28.11.2008,593.30,622.90
01.12.2008,567.13,614.04
02.12.2008,538.12,581.51
03.12.2008,556.31,583.43
04.12.2008,557.05,581.29
05.12.2008,553.82,573.81
08.12.2008,562.34,619.64
09.12.2008,599.31,621.19
10.12.2008,604.89,624.70
11.12.2008,617.68,634.63
12.12.2008,588.92,628.88
15.12.2008,620.53,656.31
16.12.2008,633.23,651.23
17.12.2008,634.90,659.22
18.12.2008,604.78,647.51
19.12.2008,588.77,612.93
22.12.2008,607.42,633.99
23.12.2008,620.78,662.74
24.12.2008,642.52,676.24
25.12.2008,621.19,648.85
26.12.2008,607.63,636.98
29.12.2008,608.55,630.67
30.12.2008,601.06,621.32
31.12.2008,612.77,620.28
11.01.2009,619.53,642.05
12.01.2009,633.22,661.52
13.01.2009,642.00,662.41
14.01.2009,610.23,671.61
15.01.2009,600.70,627.59
16.01.2009,603.73,624.24
19.01.2009,580.52,617.59
20.01.2009,556.92,586.97
21.01.2009,548.76,592.04
22.01.2009,556.58,597.42
23.01.2009,534.70,564.84
26.01.2009,552.16,615.24
27.01.2009,595.70,624.82
28.01.2009,602.90,627.66
29.01.2009,608.09,626.20
30.01.2009,612.56,648.71
02.02.2009,605.68,629.38
03.02.2009,623.56,635.38
04.02.2009,624.73,639.66
05.02.2009,618.83,641.66
06.02.2009,1168.31,1226.65
09.02.2009,654.41,698.68
10.02.2009,684.58,736.67
11.02.2009,698.36,743.34
12.02.2009,689.04,737.72
13.02.2009,690.16,733.98
16.02.2009,707.01,742.69
17.02.2009,642.56,711.99
18.02.2009,602.68,652.57
19.02.2009,627.95,664.05
20.02.2009,620.27,646.52
24.02.2009,610.01,635.80
25.02.2009,629.29,649.24
26.02.2009,632.78,672.82
27.02.2009,650.27,675.23
02.03.2009,643.64,666.05
03.03.2009,638.42,659.38
04.03.2009,654.14,685.86
05.03.2009,663.51,691.59
06.03.2009,1106.91,1213.82
10.03.2009,688.87,755.31
11.03.2009,732.46,758.92
12.03.2009,706.20,741.15
13.03.2009,728.23,762.59
16.03.2009,737.59,762.94
17.03.2009,760.11,779.19
18.03.2009,741.22,791.15
19.03.2009,743.05,794.28
20.03.2009,769.15,802.07
23.03.2009,792.05,851.18
24.03.2009,809.10,870.45
25.03.2009,808.69,856.31
26.03.2009,839.81,861.96
27.03.2009,807.24,858.98
30.03.2009,763.19,815.27
31.03.2009,763.36,792.42
01.04.2009,758.09,787.84
02.04.2009,787.22,838.24
03.04.2009,821.08,850.39
06.04.2009,1082.03,1149.85
07.04.2009,815.93,857.44
08.04.2009,821.08,872.81
09.04.2009,872.74,926.40
10.04.2009,905.60,933.30
13.04.2009,902.72,929.45
14.04.2009,892.72,942.63
15.04.2009,892.80,918.61
16.04.2009,902.74,924.17
17.04.2009,917.10,937.79
20.04.2009,881.72,935.22
21.04.2009,862.07,898.25
22.04.2009,877.21,906.14
23.04.2009,897.18,932.08
24.04.2009,915.94,935.41
27.04.2009,891.05,922.99
28.04.2009,865.11,902.45
29.04.2009,881.16,922.16
30.04.2009,919.68,941.04
04.05.2009,920.35,959.26
05.05.2009,949.34,966.44
06.05.2009,1120.23,1168.22
07.05.2009,986.12,1044.62
08.05.2009,1011.67,1031.03
12.05.2009,1008.97,1067.21
13.05.2009,996.65,1097.11
14.05.2009,976.81,1007.88
15.05.2009,982.07,1021.88
18.05.2009,969.18,1014.23
19.05.2009,1012.89,1045.88
20.05.2009,1035.01,1094.77
21.05.2009,1033.14,1094.73
22.05.2009,1034.37,1066.37
25.05.2009,1034.69,1062.86
26.05.2009,1012.29,1050.97
27.05.2009,1040.90,1070.41
28.05.2009,1048.07,1086.10
29.05.2009,1074.99,1125.72
01.06.2009,1123.38,1207.10
02.06.2009,1168.31,1226.65
03.06.2009,1106.91,1213.82
04.06.2009,1082.03,1149.85
05.06.2009,1120.23,1168.22
08.06.2009,1098.54,1144.27
09.06.2009,1107.39,1143.09
10.06.2009,1113.83,1147.28
11.06.2009,1112.39,1141.32
15.06.2009,1077.40,1138.52
16.06.2009,1068.69,1108.87
17.06.2009,1036.05,1099.42
18.06.2009,983.66,1054.92
19.06.2009,1006.41,1034.37
22.06.2009,937.70,1017.29
23.06.2009,881.71,951.55
24.06.2009,917.30,985.37
25.06.2009,950.02,987.51
26.06.2009,959.52,994.15
29.06.2009,945.29,989.60
30.06.2009,970.87,1014.63
01.07.2009,971.55,1013.45
02.07.2009,973.10,1012.51
03.07.2009,956.10,985.81
06.07.2009,923.99,974.07
07.07.2009,921.45,955.33
08.07.2009,896.07,927.01
09.07.2009,892.59,920.03
10.07.2009,869.76,899.69
13.07.2009,852.03,893.87
14.07.2009,881.15,917.63
15.07.2009,891.41,941.21
16.07.2009,928.20,952.89
17.07.2009,935.34,968.91
20.07.2009,966.18,1000.64
21.07.2009,977.31,1018.35
22.07.2009,974.95,1013.71
23.07.2009,980.71,1032.12
24.07.2009,1022.45,1044.84
27.07.2009,1026.95,1057.41
28.07.2009,997.63,1054.55
29.07.2009,976.78,1006.03
30.07.2009,986.78,1048.61
31.07.2009,1024.09,1055.24
03.08.2009,1053.30,1099.49
04.08.2009,1078.29,1102.45
05.08.2009,1082.32,1130.51
06.08.2009,1081.31,1120.83
07.08.2009,1065.91,1121.07
10.08.2009,1089.76,1118.53
11.08.2009,1067.14,1115.97
12.08.2009,1043.94,1089.13
13.08.2009,1079.55,1118.97
14.08.2009,1068.81,1107.33
17.08.2009,1030.94,1072.74
18.08.2009,1023.03,1059.33
19.08.2009,1013.79,1039.13
20.08.2009,1034.08,1063.33
21.08.2009,1046.62,1106.13
24.08.2009,1098.34,1129.28
25.08.2009,1096.64,1135.84
26.08.2009,1083.46,1123.31
27.08.2009,1075.43,1105.15
28.08.2009,1080.05,1120.04
31.08.2009,1086.16,1111.33
01.09.2009,1089.83,1112.36
02.09.2009,1069.83,1104.98
03.09.2009,1076.69,1099.50
04.09.2009,1077.20,1112.76
07.09.2009,1085.58,1112.19
08.09.2009,1111.92,1150.33
09.09.2009,1141.45,1163.42
10.09.2009,1143.91,1179.06
11.09.2009,1153.74,1183.04
14.09.2009,1147.72,1177.45
15.09.2009,1174.95,1211.06
16.09.2009,1203.97,1234.59
17.09.2009,1199.20,1241.14
18.09.2009,1187.12,1219.08
21.09.2009,1165.03,1209.21
22.09.2009,1165.11,1209.97
23.09.2009,1194.64,1228.92
24.09.2009,1176.27,1220.36
25.09.2009,1171.64,1199.10
28.09.2009,1168.48,1208.92
29.09.2009,1200.60,1218.07
30.09.2009,1193.29,1223.35
01.10.2009,1197.39,1223.00
02.10.2009,1144.83,1211.38
05.10.2009,1167.77,1186.99
06.10.2009,1178.22,1220.72
07.10.2009,1220.48,1245.82
08.10.2009,1226.44,1278.68
09.10.2009,1264.75,1318.64
12.10.2009,1308.14,1357.95
13.10.2009,1310.09,1366.48
14.10.2009,1320.90,1376.10
15.10.2009,1335.51,1383.15
16.10.2009,1314.24,1366.06
22.10.2009,1339.67,1372.95
23.10.2009,1357.83,1380.40
26.10.2009,1354.00,1378.79
27.10.2009,1310.14,1358.31
28.10.2009,1253.22,1333.32
29.10.2009,1222.07,1294.00
30.10.2009,1233.83,1300.37
02.11.2009,1213.86,1266.69
03.11.2009,1214.89,1266.30
05.11.2009,1217.59,1258.66
06.11.2009,1230.68,1269.13
09.11.2009,1241.92,1304.71
10.11.2009,1290.00,1329.48
11.11.2009,1315.39,1338.22
12.11.2009,1294.10,1318.59
13.11.2009,1296.87,1315.86
16.11.2009,1311.10,1365.86
17.11.2009,1343.16,1365.18
18.11.2009,1353.90,1391.79
19.11.2009,1334.90,1371.82
20.11.2009,1315.35,1355.70
23.11.2009,1334.16,1365.52
24.11.2009,1315.37,1353.50
25.11.2009,1300.13,1342.47
26.11.2009,1255.03,1311.95
27.11.2009,1203.11,1288.34
30.11.2009,1263.30,1304.81
01.12.2009,1284.99,1321.21
02.12.2009,1309.93,1337.22
03.12.2009,1310.67,1349.64
04.12.2009,1296.08,1344.74
07.12.2009,1308.33,1342.58
08.12.2009,1302.72,1331.25
09.12.2009,1293.89,1320.26
10.12.2009,1285.01,1311.80
11.12.2009,1296.68,1316.90
14.12.2009,1301.51,1324.34
15.12.2009,1312.42,1412.27
16.12.2009,1329.02,1389.44
17.12.2009,1358.46,1401.38
18.12.2009,1360.48,1392.80
21.12.2009,1363.19,1384.34
22.12.2009,1358.46,1378.18
23.12.2009,1359.36,1376.38
24.12.2009,1340.25,1375.16
25.12.2009,1341.21,1358.25
28.12.2009,1357.11,1372.03
29.12.2009,1360.30,1369.07
30.12.2009,1356.53,1369.81
31.12.2009,1361.96,1370.75
11.01.2010,1370.30,1456.78
12.01.2010,1424.73,1445.70
13.01.2010,1412.87,1444.86
14.01.2010,1435.01,1456.34
15.01.2010,1448.68,1469.55
18.01.2010,1444.90,1479.76
19.01.2010,1454.91,1485.76
20.01.2010,1458.21,1491.36
21.01.2010,1435.45,1470.57
22.01.2010,1394.91,1435.90
25.01.2010,1396.39,1423.25
26.01.2010,1370.44,1416.03
27.01.2010,1363.03,1405.28
28.01.2010,1391.25,1425.60
29.01.2010,1390.32,1419.55
01.02.2010,1395.92,1419.57
02.02.2010,1417.00,1436.90
03.02.2010,1430.00,1455.51
04.02.2010,1390.54,1437.04
05.02.2010,1344.74,1395.86
08.02.2010,1319.06,1370.52
09.02.2010,1320.93,1343.71
10.02.2010,1319.68,1359.12
11.02.2010,1320.55,1348.20
12.02.2010,1294.21,1346.22
15.02.2010,1301.80,1319.37
16.02.2010,1319.22,1361.87
17.02.2010,1350.12,1373.22
18.02.2010,1324.90,1354.07
19.02.2010,1310.65,1354.05
24.02.2010,1324.49,1353.75
25.02.2010,1297.14,1334.42
26.02.2010,1306.50,1324.57
27.02.2010,1322.34,1333.55
01.03.2010,1332.97,1358.04
02.03.2010,1351.06,1371.83
03.03.2010,1355.47,1382.22
04.03.2010,1366.55,1395.98
05.03.2010,1384.44,1414.48
09.03.2010,1396.57,1421.14
10.03.2010,1397.50,1423.06
11.03.2010,1389.68,1411.45
12.03.2010,1395.91,1424.52
15.03.2010,1398.97,1416.85
16.03.2010,1400.25,1421.06
17.03.2010,1420.76,1442.14
18.03.2010,1425.46,1449.78
19.03.2010,1415.92,1441.32
22.03.2010,1398.02,1421.00
23.03.2010,1404.15,1427.61
24.03.2010,1398.44,1417.26
25.03.2010,1395.13,1412.14
26.03.2010,1403.51,1419.82
29.03.2010,1411.79,1440.85
30.03.2010,1433.19,1450.04
31.03.2010,1438.35,1461.89
01.04.2010,1450.16,1482.40
02.04.2010,1472.58,1488.22
05.04.2010,1473.66,1488.56
06.04.2010,1479.19,1506.03
07.04.2010,1476.60,1501.45
08.04.2010,1460.37,1479.56
09.04.2010,1476.59,1502.66
12.04.2010,1493.23,1512.07
13.04.2010,1488.90,1508.33
14.04.2010,1499.36,1527.87
15.04.2010,1519.99,1539.65
16.04.2010,1494.53,1530.92
19.04.2010,1438.51,1494.98
20.04.2010,1459.18,1482.37
21.04.2010,1462.20,1488.90
22.04.2010,1436.48,1475.41
23.04.2010,1443.36,1467.62
26.04.2010,1467.64,1489.41
27.04.2010,1454.69,1484.19
28.04.2010,1424.25,1462.70
29.04.2010,1430.81,1455.21
30.04.2010,1430.91,1455.98
04.05.2010,1392.33,1448.67
05.05.2010,1357.69,1403.85
06.05.2010,1362.97,1391.51
07.05.2010,1282.86,1365.09
11.05.2010,1289.28,1342.64
12.05.2010,1323.66,1395.50
13.05.2010,1363.54,1418.09
14.05.2010,1347.06,1378.69
17.05.2010,1316.37,1362.40
18.05.2010,1345.95,1369.36
19.05.2010,1311.84,1362.25
20.05.2010,1261.16,1340.40
21.05.2010,1237.26,1279.92
24.05.2010,1248.36,1287.11
25.05.2010,1194.92,1269.10
26.05.2010,1198.18,1266.13
27.05.2010,1259.67,1310.49
28.05.2010,1292.40,1313.37
31.05.2010,1304.67,1333.23
01.06.2010,1297.09,1332.62
02.06.2010,1301.31,1344.59
03.06.2010,1341.41,1371.82
04.06.2010,1322.85,1378.20
07.06.2010,1289.05,1333.49
08.06.2010,1297.57,1338.70
09.06.2010,1301.41,1323.98
10.06.2010,1301.16,1340.45
11.06.2010,1323.27,1345.95
15.06.2010,1334.58,1371.66
16.06.2010,1356.86,1383.39
17.06.2010,1351.98,1383.39
18.06.2010,1350.53,1368.94
21.06.2010,1367.75,1407.95
22.06.2010,1380.16,1405.12
23.06.2010,1371.06,1394.66
24.06.2010,1360.21,1389.01
25.06.2010,1346.13,1366.75
28.06.2010,1347.58,1370.20
29.06.2010,1315.85,1363.40
30.06.2010,1301.39,1329.15
01.07.2010,1253.45,1309.31
02.07.2010,1255.18,1288.86
05.07.2010,1281.71,1297.47
06.07.2010,1292.20,1328.14
07.07.2010,1294.41,1330.15
08.07.2010,1319.54,1346.65
09.07.2010,1308.56,1332.38
12.07.2010,1319.65,1351.21
13.07.2010,1337.14,1373.23
14.07.2010,1353.98,1379.51
15.07.2010,1339.88,1375.64
16.07.2010,1325.23,1353.70
19.07.2010,1322.37,1346.66
20.07.2010,1319.74,1349.66
21.07.2010,1328.85,1360.06
22.07.2010,1343.91,1381.45
23.07.2010,1373.91,1389.16
26.07.2010,1380.88,1399.52
27.07.2010,1391.77,1414.00
28.07.2010,1388.79,1411.38
29.07.2010,1394.89,1425.01
30.07.2010,1382.71,1418.30
02.08.2010,1397.14,1431.54
03.08.2010,1406.00,1433.63
04.08.2010,1400.65,1429.03
05.08.2010,1407.14,1429.22
06.08.2010,1397.35,1423.39
09.08.2010,1403.09,1427.89
10.08.2010,1388.94,1419.20
11.08.2010,1372.29,1397.65
12.08.2010,1364.50,1387.94
13.08.2010,1366.02,1386.72
16.08.2010,1356.31,1378.80
17.08.2010,1373.19,1394.65
18.08.2010,1380.21,1391.47
19.08.2010,1374.41,1400.94
20.08.2010,1357.94,1379.36
23.08.2010,1356.40,1374.00
24.08.2010,1337.46,1366.68
25.08.2010,1328.17,1352.71
26.08.2010,1334.80,1357.27
27.08.2010,1344.54,1367.37
30.08.2010,1366.50,1379.69
31.08.2010,1351.36,1370.77
01.09.2010,1364.59,1396.21
02.09.2010,1392.41,1407.54
03.09.2010,1395.89,1419.17
06.09.2010,1407.19,1418.54
07.09.2010,1390.03,1408.60
08.09.2010,1393.99,1423.23
09.09.2010,1416.62,1445.58
10.09.2010,1427.43,1441.77
13.09.2010,1433.89,1452.21
14.09.2010,1428.01,1443.32
15.09.2010,1420.92,1436.58
16.09.2010,1427.69,1439.78
17.09.2010,1417.04,1442.53
20.09.2010,1412.84,1427.13
21.09.2010,1426.76,1442.56
22.09.2010,1417.57,1438.97
23.09.2010,1420.08,1440.31
24.09.2010,1418.87,1436.58
27.09.2010,1417.95,1444.77
28.09.2010,1405.42,1419.42
29.09.2010,1410.11,1423.78
30.09.2010,1417.42,1441.24
01.10.2010,1436.32,1462.30
04.10.2010,1455.12,1470.78
05.10.2010,1455.97,1474.45
06.10.2010,1465.68,1485.64
07.10.2010,1465.84,1480.16
08.10.2010,1453.38,1468.25
11.10.2010,1464.67,1482.29
12.10.2010,1466.73,1482.07
13.10.2010,1477.80,1497.75
14.10.2010,1483.26,1500.45
15.10.2010,1484.23,1500.66
18.10.2010,1479.40,1502.48
19.10.2010,1488.58,1513.57
20.10.2010,1474.10,1494.44
21.10.2010,1489.35,1528.80
22.10.2010,1512.93,1531.02
25.10.2010,1519.35,1538.43
26.10.2010,1516.23,1532.20
27.10.2010,1506.99,1525.24
28.10.2010,1504.60,1519.77
29.10.2010,1502.21,1524.90
01.11.2010,1523.40,1542.23
02.11.2010,1530.76,1540.35
03.11.2010,1535.29,1547.03
08.11.2010,1540.11,1577.94
09.11.2010,1566.56,1597.51
10.11.2010,1570.29,1594.70
11.11.2010,1556.05,1584.75
12.11.2010,1536.95,1556.37
13.11.2010,1533.69,1548.96
15.11.2010,1535.80,1560.77
16.11.2010,1524.57,1556.18
17.11.2010,1515.13,1535.26
18.11.2010,1533.92,1552.42
19.11.2010,1542.09,1557.49
22.11.2010,1549.13,1573.32
23.11.2010,1531.65,1550.42
24.11.2010,1528.15,1564.75
25.11.2010,1558.92,1574.40
26.11.2010,1555.15,1576.59
29.11.2010,1549.40,1578.46
30.11.2010,1549.53,1570.67
01.12.2010,1565.60,1604.35
02.12.2010,1601.78,1633.60
03.12.2010,1628.87,1658.53
06.12.2010,1649.31,1672.90
07.12.2010,1671.44,1702.64
08.12.2010,1649.28,1687.20
09.12.2010,1650.36,1667.88
10.12.2010,1646.44,1663.51
13.12.2010,1656.51,1673.14
14.12.2010,1648.86,1667.27
15.12.2010,1653.83,1680.82
16.12.2010,1657.76,1670.80
17.12.2010,1660.20,1674.12
20.12.2010,1657.88,1668.90
21.12.2010,1663.29,1675.85
22.12.2010,1673.84,1686.50
23.12.2010,1676.92,1686.31
24.12.2010,1673.23,1686.52
27.12.2010,1662.81,1676.27
28.12.2010,1660.57,1671.10
29.12.2010,1664.82,1678.49
30.12.2010,1673.64,1688.12
11.01.2011,1687.15,1714.25
12.01.2011,1714.04,1760.10
13.01.2011,1743.72,1768.24
14.01.2011,1731.84,1757.56
17.01.2011,1745.15,1773.98
18.01.2011,1754.86,1788.74
19.01.2011,1760.23,1778.27
20.01.2011,1732.89,1764.31
21.01.2011,1723.85,1752.39
24.01.2011,1705.11,1750.49
25.01.2011,1709.66,1730.90
26.01.2011,1716.24,1746.91
27.01.2011,1738.15,1758.16
28.01.2011,1730.67,1751.47
31.01.2011,1705.46,1734.93
01.02.2011,1723.45,1757.49
02.02.2011,1755.84,1779.08
03.02.2011,1746.78,1775.47
04.02.2011,1749.78,1770.06
07.02.2011,1745.29,1773.04
08.02.2011,1729.09,1770.13
09.02.2011,1713.36,1738.36
10.02.2011,1675.95,1723.49
11.02.2011,1673.95,1715.64
14.02.2011,1703.72,1732.41
15.02.2011,1693.17,1720.86
16.02.2011,1688.39,1709.27
17.02.2011,1692.32,1722.24
18.02.2011,1680.91,1700.61
21.02.2011,1683.78,1717.01
22.02.2011,1682.46,1712.63
24.02.2011,1687.63,1721.99
25.02.2011,1713.88,1748.63
28.02.2011,1743.16,1780.39
01.03.2011,1753.13,1788.53
02.03.2011,1746.11,1765.87
03.03.2011,1765.38,1787.69
04.03.2011,1758.63,1783.82
05.03.2011,1763.30,1781.26
09.03.2011,1769.81,1793.10
10.03.2011,1730.45,1779.14
11.03.2011,1712.35,1739.36
14.03.2011,1706.88,1747.18
15.03.2011,1681.08,1726.78
16.03.2011,1698.26,1732.79
17.03.2011,1703.20,1739.89
18.03.2011,1732.80,1753.39
21.03.2011,1742.24,1760.99
22.03.2011,1730.35,1753.36
23.03.2011,1732.61,1770.77
24.03.2011,1770.58,1795.66
25.03.2011,1788.19,1808.61
28.03.2011,1799.84,1813.21
29.03.2011,1781.20,1813.82
30.03.2011,1788.17,1817.26
31.03.2011,1802.55,1820.16
01.04.2011,1806.03,1844.75
04.04.2011,1841.25,1858.78
05.04.2011,1835.88,1863.35
06.04.2011,1844.89,1865.30
07.04.2011,1839.35,1859.99
08.04.2011,1844.33,1860.01
11.04.2011,1836.86,1864.59
12.04.2011,1792.33,1845.78
13.04.2011,1786.62,1810.44
14.04.2011,1765.15,1809.83
15.04.2011,1772.04,1792.99
18.04.2011,1707.65,1784.44
19.04.2011,1714.08,1756.67
20.04.2011,1755.63,1785.49
21.04.2011,1770.91,1799.09
22.04.2011,1780.14,1797.53
25.04.2011,1767.36,1814.07
26.04.2011,1746.38,1774.52
27.04.2011,1738.66,1775.60
28.04.2011,1731.62,1766.96
29.04.2011,1723.44,1749.01
03.05.2011,1689.65,1747.22
04.05.2011,1650.08,1698.29
05.05.2011,1627.45,1673.60
06.05.2011,1621.90,1681.57
10.05.2011,1667.08,1687.72
11.05.2011,1652.30,1693.83
12.05.2011,1616.52,1654.77
13.05.2011,1626.38,1646.44
16.05.2011,1604.91,1632.12
17.05.2011,1603.08,1631.50
18.05.2011,1608.36,1633.80
19.05.2011,1616.81,1647.05
20.05.2011,1600.87,1641.58
23.05.2011,1569.54,1603.97
24.05.2011,1573.39,1603.30
25.05.2011,1578.02,1615.25
26.05.2011,1598.23,1625.35
27.05.2011,1606.27,1641.27
30.05.2011,1636.00,1647.59
31.05.2011,1644.99,1675.72
01.06.2011,1647.14,1672.84
02.06.2011,1627.13,1658.39
03.06.2011,1624.87,1669.04
06.06.2011,1611.90,1640.28
07.06.2011,1628.82,1662.73
08.06.2011,1640.70,1670.18
09.06.2011,1659.55,1696.58
10.06.2011,1678.72,1699.02
14.06.2011,1676.24,1696.53
15.06.2011,1675.60,1704.60
16.06.2011,1652.72,1678.82
17.06.2011,1638.37,1671.10
20.06.2011,1623.20,1645.82
21.06.2011,1626.18,1642.05
22.06.2011,1620.32,1643.77
23.06.2011,1601.12,1639.94
24.06.2011,1607.97,1642.62
27.06.2011,1616.81,1634.64
28.06.2011,1626.95,1651.84
29.06.2011,1651.51,1666.60
30.06.2011,1653.79,1668.04
01.07.2011,1656.21,1702.19
04.07.2011,1695.73,1708.39
05.07.2011,1697.54,1717.79
06.07.2011,1699.96,1716.86
07.07.2011,1705.43,1741.59
08.07.2011,1717.76,1748.32
11.07.2011,1699.02,1725.08
12.07.2011,1684.09,1706.44
13.07.2011,1691.06,1714.52
14.07.2011,1698.30,1723.67
15.07.2011,1697.65,1719.90
18.07.2011,1686.12,1719.86
19.07.2011,1687.71,1702.46
20.07.2011,1700.19,1716.62
21.07.2011,1685.22,1729.00
22.07.2011,1720.92,1735.51
25.07.2011,1706.57,1728.82
26.07.2011,1715.14,1733.68
27.07.2011,1705.07,1728.53
28.07.2011,1701.02,1720.84
29.07.2011,1690.91,1720.40
01.08.2011,1705.22,1741.75
02.08.2011,1705.72,1725.11
03.08.2011,1650.69,1712.91
04.08.2011,1619.49,1670.47
05.08.2011,1553.36,1620.51
08.08.2011,1495.04,1586.95
09.08.2011,1386.88,1516.00
10.08.2011,1423.07,1531.08
11.08.2011,1355.36,1477.19
12.08.2011,1423.80,1488.18
15.08.2011,1470.67,1511.44
16.08.2011,1457.43,1510.66
17.08.2011,1464.78,1515.83
18.08.2011,1429.74,1509.02
19.08.2011,1387.85,1452.82
22.08.2011,1406.73,1461.20
23.08.2011,1422.31,1469.05
24.08.2011,1431.86,1468.18
25.08.2011,1439.63,1479.95
26.08.2011,1427.31,1458.93
29.08.2011,1458.82,1513.97
30.08.2011,1500.08,1524.94
31.08.2011,1514.11,1554.30
01.09.2011,1518.41,1553.83
02.09.2011,1510.05,1549.62
05.09.2011,1486.53,1515.83
06.09.2011,1483.77,1513.56
07.09.2011,1499.70,1551.05
08.09.2011,1536.45,1559.51
09.09.2011,1513.36,1556.41
12.09.2011,1469.45,1518.13
13.09.2011,1476.68,1514.94
14.09.2011,1482.78,1520.78
15.09.2011,1504.90,1552.06
16.09.2011,1506.50,1542.45
19.09.2011,1486.03,1511.48
20.09.2011,1492.30,1524.36
21.09.2011,1505.55,1528.36
22.09.2011,1387.46,1506.93
23.09.2011,1291.82,1389.43
26.09.2011,1279.15,1376.29
27.09.2011,1346.90,1390.72
28.09.2011,1358.56,1395.08
29.09.2011,1363.43,1419.78
30.09.2011,1341.43,1409.97
03.10.2011,1315.98,1366.45
04.10.2011,1242.57,1350.63
05.10.2011,1247.84,1303.49
06.10.2011,1266.12,1324.45
07.10.2011,1318.31,1361.23
10.10.2011,1336.88,1381.82
11.10.2011,1347.07,1384.66
12.10.2011,1354.90,1398.25
13.10.2011,1381.02,1413.60
14.10.2011,1386.08,1434.01
17.10.2011,1396.46,1448.42
18.10.2011,1380.83,1426.71
19.10.2011,1403.27,1435.43
20.10.2011,1390.83,1425.85
21.10.2011,1411.54,1447.59
24.10.2011,1447.63,1483.89
25.10.2011,1446.20,1483.79
26.10.2011,1459.85,1513.68
27.10.2011,1499.81,1550.03
28.10.2011,1510.31,1552.18
31.10.2011,1491.90,1529.78
01.11.2011,1440.19,1498.56
02.11.2011,1455.88,1490.49
03.11.2011,1435.30,1511.58
07.11.2011,1486.45,1522.19
08.11.2011,1512.21,1535.88
09.11.2011,1462.36,1534.63
10.11.2011,1442.54,1499.74
11.11.2011,1464.44,1498.33
14.11.2011,1478.54,1511.21
15.11.2011,1454.11,1504.85
16.11.2011,1466.31,1500.07
17.11.2011,1447.00,1494.92
18.11.2011,1442.81,1475.31
21.11.2011,1389.13,1460.54
22.11.2011,1390.10,1419.99
23.11.2011,1379.50,1420.79
24.11.2011,1391.70,1417.74
25.11.2011,1363.26,1411.54
28.11.2011,1411.03,1469.36
29.11.2011,1448.86,1480.92
30.11.2011,1447.73,1502.82
01.12.2011,1498.25,1522.76
02.12.2011,1495.76,1523.86
05.12.2011,1499.36,1521.30
06.12.2011,1456.01,1517.45
07.12.2011,1437.10,1471.92
08.12.2011,1448.69,1482.34
09.12.2011,1390.74,1456.26
12.12.2011,1344.82,1427.29
13.12.2011,1323.20,1379.33
14.12.2011,1360.37,1406.97
15.12.2011,1350.88,1396.70
16.12.2011,1375.03,1408.07
19.12.2011,1358.65,1392.62
20.12.2011,1367.40,1410.22
21.12.2011,1380.97,1420.74
22.12.2011,1372.25,1393.83
23.12.2011,1373.42,1391.39
26.12.2011,1374.64,1391.96
27.12.2011,1375.96,1391.05
28.12.2011,1379.53,1391.65
29.12.2011,1360.99,1387.17
30.12.2011,1382.76,1409.58
03.01.2012,1401.21,1445.57
04.01.2012,1437.62,1453.27
05.01.2012,1432.88,1458.14
06.01.2012,1431.97,1453.92
09.01.2012,1432.01,1449.55
10.01.2012,1444.02,1478.82
11.01.2012,1458.72,1480.28
12.01.2012,1457.78,1485.17
13.01.2012,1458.74,1478.12
16.01.2012,1445.94,1467.41
17.01.2012,1464.62,1494.97
18.01.2012,1475.56,1495.30
19.01.2012,1490.29,1505.97
20.01.2012,1486.16,1506.84
23.01.2012,1477.02,1499.84
24.01.2012,1480.62,1502.34
25.01.2012,1488.70,1507.31
26.01.2012,1498.80,1519.55
27.01.2012,1503.37,1518.40
30.01.2012,1492.03,1513.96
31.01.2012,1495.80,1518.36
01.02.2012,1504.13,1540.48
02.02.2012,1532.40,1547.62
03.02.2012,1536.30,1565.52
06.02.2012,1557.83,1570.48
07.02.2012,1546.34,1571.70
08.02.2012,1548.86,1571.44
09.02.2012,1532.60,1565.90
10.02.2012,1521.78,1544.10
13.02.2012,1524.56,1560.83
14.02.2012,1553.69,1574.75
15.02.2012,1555.93,1582.76
16.02.2012,1554.41,1581.77
17.02.2012,1559.82,1585.15
20.02.2012,1567.29,1585.75
21.02.2012,1555.58,1580.40
22.02.2012,1536.05,1571.23
24.02.2012,1534.93,1595.58
27.02.2012,1585.44,1607.69
28.02.2012,1570.24,1604.29
29.02.2012,1574.10,1599.42
01.03.2012,1577.98,1602.72
02.03.2012,1587.82,1608.75
05.03.2012,1608.08,1629.55
06.03.2012,1561.19,1626.02
07.03.2012,1551.07,1574.84
11.03.2012,1569.74,1608.61
12.03.2012,1592.53,1619.24
13.03.2012,1602.21,1617.53
14.03.2012,1611.46,1634.31
15.03.2012,1618.32,1639.63
16.03.2012,1608.69,1629.02
19.03.2012,1579.14,1626.83
20.03.2012,1556.22,1594.08
21.03.2012,1542.09,1572.25
22.03.2012,1525.60,1561.11
23.03.2012,1518.24,1541.68
26.03.2012,1539.52,1568.86
27.03.2012,1549.27,1574.27
28.03.2012,1518.40,1555.63
29.03.2012,1486.93,1521.60
30.03.2012,1493.87,1531.92
02.04.2012,1508.30,1537.73
03.04.2012,1521.74,1556.53
04.04.2012,1506.63,1550.04
05.04.2012,1495.48,1527.18
06.04.2012,1494.64,1529.76
09.04.2012,1477.46,1511.44
10.04.2012,1497.64,1520.12
11.04.2012,1485.83,1520.37
12.04.2012,1488.80,1512.46
13.04.2012,1496.89,1516.41
16.04.2012,1475.48,1505.56
17.04.2012,1463.02,1481.25
18.04.2012,1465.47,1485.61
19.04.2012,1467.21,1503.77
20.04.2012,1485.13,1506.82
23.04.2012,1462.75,1505.14
24.04.2012,1445.80,1472.13
25.04.2012,1457.14,1470.20
26.04.2012,1440.80,1467.17
27.04.2012,1439.92,1469.87
28.04.2012,1468.36,1474.35
02.05.2012,1445.69,1489.92
03.05.2012,1437.19,1456.54
04.05.2012,1385.75,1442.92
05.05.2012,1381.25,1392.55
07.05.2012,1350.14,1393.10
08.05.2012,1371.20,1399.58
10.05.2012,1381.66,1418.11
11.05.2012,1373.35,1409.22
12.05.2012,1372.82,1392.82
14.05.2012,1333.72,1388.30
15.05.2012,1311.67,1345.28
16.05.2012,1316.40,1345.08
17.05.2012,1282.59,1342.90
18.05.2012,1246.15,1293.44
21.05.2012,1261.32,1298.49
22.05.2012,1286.55,1307.09
23.05.2012,1251.92,1301.81
24.05.2012,1241.58,1286.58
25.05.2012,1273.54,1295.03
28.05.2012,1280.85,1304.28
29.05.2012,1290.72,1329.35
30.05.2012,1300.07,1327.41
31.05.2012,1303.67,1327.26
01.06.2012,1278.56,1320.48
04.06.2012,1280.10,1314.24
05.06.2012,1291.00,1320.65
06.06.2012,1289.39,1317.40
07.06.2012,1297.77,1340.35
08.06.2012,1315.94,1336.44
09.06.2012,1332.92,1341.33
13.06.2012,1333.37,1357.53
14.06.2012,1333.58,1348.48
15.06.2012,1346.00,1379.74
18.06.2012,1375.05,1393.14
19.06.2012,1382.24,1397.34
20.06.2012,1370.94,1392.13
21.06.2012,1363.14,1382.67
22.06.2012,1342.23,1363.58
25.06.2012,1325.74,1349.63
26.06.2012,1329.65,1349.78
27.06.2012,1341.62,1366.25
28.06.2012,1341.01,1379.17
29.06.2012,1340.66,1390.08
02.07.2012,1383.67,1406.21
03.07.2012,1402.74,1440.67
04.07.2012,1426.02,1446.39
05.07.2012,1430.47,1458.46
06.07.2012,1408.41,1440.94
09.07.2012,1405.72,1423.13
10.07.2012,1401.96,1433.56
11.07.2012,1396.72,1422.58
12.07.2012,1379.11,1406.63
13.07.2012,1394.30,1418.29
16.07.2012,1412.98,1423.86
17.07.2012,1421.28,1442.17
18.07.2012,1423.79,1436.43
19.07.2012,1426.29,1444.85
20.07.2012,1413.92,1435.62
23.07.2012,1367.71,1416.40
24.07.2012,1359.00,1382.93
25.07.2012,1353.58,1385.21
26.07.2012,1358.58,1385.44
27.07.2012,1383.39,1406.91
30.07.2012,1406.30,1431.17
31.07.2012,1402.05,1432.43
01.08.2012,1401.48,1419.54
02.08.2012,1386.94,1430.95
03.08.2012,1391.96,1422.82
06.08.2012,1417.27,1449.31
07.08.2012,1433.24,1451.58
08.08.2012,1438.85,1453.90
09.08.2012,1438.94,1462.68
10.08.2012,1430.02,1456.69
13.08.2012,1441.88,1467.19
14.08.2012,1450.26,1464.55
15.08.2012,1433.66,1465.04
16.08.2012,1442.81,1458.59
17.08.2012,1443.92,1460.60
20.08.2012,1421.66,1448.34
21.08.2012,1419.95,1459.44
22.08.2012,1436.56,1454.48
23.08.2012,1446.27,1470.75
24.08.2012,1439.90,1455.95
27.08.2012,1441.74,1460.02
28.08.2012,1443.96,1458.06
29.08.2012,1437.09,1459.92
30.08.2012,1425.21,1441.57
31.08.2012,1417.79,1438.93
03.09.2012,1421.07,1443.47
04.09.2012,1434.07,1444.18
05.09.2012,1420.32,1437.93
06.09.2012,1420.73,1456.92
07.09.2012,1454.88,1484.68
10.09.2012,1464.90,1479.61
11.09.2012,1465.93,1479.00
12.09.2012,1472.91,1483.98
13.09.2012,1468.33,1478.81
14.09.2012,1472.59,1541.70
17.09.2012,1520.01,1539.58
18.09.2012,1513.75,1539.39
19.09.2012,1489.74,1527.86
20.09.2012,1480.82,1502.49
21.09.2012,1495.24,1511.05
24.09.2012,1480.01,1496.63
25.09.2012,1480.79,1499.26
26.09.2012,1442.30,1483.35
27.09.2012,1438.44,1459.55
28.09.2012,1450.70,1468.50
01.10.2012,1452.53,1491.30
02.10.2012,1478.56,1492.01
03.10.2012,1469.80,1485.61
04.10.2012,1451.95,1478.52
05.10.2012,1454.87,1488.57
08.10.2012,1459.92,1477.60
09.10.2012,1469.72,1480.97
10.10.2012,1458.19,1472.94
11.10.2012,1453.61,1468.62
12.10.2012,1440.65,1463.96
15.10.2012,1440.53,1456.25
16.10.2012,1439.79,1456.07
17.10.2012,1454.02,1478.12
18.10.2012,1467.40,1486.88
19.10.2012,1458.57,1476.77
22.10.2012,1451.60,1476.09
23.10.2012,1451.11,1475.48
24.10.2012,1437.39,1463.09
25.10.2012,1444.51,1459.73
26.10.2012,1424.50,1446.22
29.10.2012,1422.34,1434.69
30.10.2012,1419.66,1439.39
31.10.2012,1420.52,1436.06
01.11.2012,1407.46,1432.39
02.11.2012,1428.78,1444.38
06.11.2012,1436.61,1450.83
07.11.2012,1422.00,1453.47
08.11.2012,1395.46,1424.31
09.11.2012,1392.80,1408.28
12.11.2012,1394.49,1410.83
13.11.2012,1370.36,1409.03
14.11.2012,1360.07,1382.07
15.11.2012,1364.36,1387.67
16.11.2012,1375.06,1388.90
19.11.2012,1383.09,1400.76
20.11.2012,1389.47,1402.73
21.11.2012,1389.06,1408.13
22.11.2012,1401.57,1411.91
23.11.2012,1401.44,1414.05
26.11.2012,1399.61,1417.53
27.11.2012,1392.28,1412.86
28.11.2012,1379.46,1395.54
29.11.2012,1378.70,1396.37
30.11.2012,1384.18,1411.21
03.12.2012,1403.70,1422.20
04.12.2012,1407.84,1421.94
05.12.2012,1411.83,1441.45
06.12.2012,1434.35,1449.44
07.12.2012,1427.85,1443.97
10.12.2012,1438.51,1455.20
11.12.2012,1441.68,1453.18
12.12.2012,1448.33,1469.45
13.12.2012,1454.64,1472.01
14.12.2012,1460.51,1471.20
17.12.2012,1458.44,1470.27
18.12.2012,1467.26,1486.57
19.12.2012,1477.03,1487.46
20.12.2012,1468.90,1488.60
21.12.2012,1470.24,1490.51
24.12.2012,1471.47,1482.27
25.12.2012,1467.21,1475.08
26.12.2012,1471.17,1479.50
27.12.2012,1475.82,1482.35
28.12.2012,1472.55,1480.37
08.01.2013,1474.73,1517.88
09.01.2013,1510.61,1517.20
10.01.2013,1506.96,1518.41
11.01.2013,1503.38,1513.04
14.01.2013,1510.21,1529.57
15.01.2013,1515.16,1528.48
16.01.2013,1507.33,1517.34
17.01.2013,1513.62,1524.94
18.01.2013,1523.73,1542.11
21.01.2013,1533.26,1542.80
22.01.2013,1517.01,1540.03
23.01.2013,1523.81,1538.13
24.01.2013,1518.82,1537.44
25.01.2013,1526.02,1544.85
28.01.2013,1543.24,1563.93
29.01.2013,1549.18,1566.42
30.01.2013,1537.08,1559.47
31.01.2013,1535.52,1547.37
01.02.2013,1543.13,1555.83
04.02.2013,1533.42,1553.38
05.02.2013,1528.49,1540.63
06.02.2013,1526.93,1553.19
07.02.2013,1518.86,1533.06
08.02.2013,1510.83,1527.19
11.02.2013,1515.39,1527.03
12.02.2013,1507.54,1518.75
13.02.2013,1512.03,1541.00
14.02.2013,1514.14,1550.03
15.02.2013,1500.79,1520.14
18.02.2013,1498.30,1511.72
19.02.2013,1509.54,1523.35
20.02.2013,1511.08,1526.34
21.02.2013,1486.49,1512.27
22.02.2013,1491.83,1501.69
25.02.2013,1493.35,1506.47
26.02.2013,1482.01,1504.98
27.02.2013,1481.11,1491.64
28.02.2013,1483.24,1496.61
01.03.2013,1466.84,1487.46
04.03.2013,1461.45,1477.27
05.03.2013,1462.49,1486.19
06.03.2013,1485.04,1498.07
07.03.2013,1489.02,1498.29
11.03.2013,1491.14,1516.49
12.03.2013,1494.92,1506.42
13.03.2013,1493.55,1510.67
14.03.2013,1490.35,1504.74
15.03.2013,1493.61,1515.16
18.03.2013,1449.22,1497.90
19.03.2013,1448.55,1469.78
20.03.2013,1442.68,1460.66
21.03.2013,1457.93,1466.95
22.03.2013,1440.27,1460.39
25.03.2013,1425.78,1458.58
26.03.2013,1412.41,1432.41
27.03.2013,1407.22,1426.68
28.03.2013,1414.96,1434.38
29.03.2013,1432.80,1440.10
01.04.2013,1427.83,1442.70
02.04.2013,1424.90,1435.12
03.04.2013,1422.48,1433.81
04.04.2013,1416.75,1440.62
05.04.2013,1410.47,1430.55
08.04.2013,1406.67,1430.58
09.04.2013,1408.81,1427.29
10.04.2013,1419.96,1432.55
11.04.2013,1397.82,1428.84
12.04.2013,1380.57,1401.46
15.04.2013,1351.83,1387.94
16.04.2013,1349.93,1366.45
17.04.2013,1328.84,1358.61
18.04.2013,1333.73,1350.67
19.04.2013,1330.02,1346.39
22.04.2013,1324.58,1354.84
23.04.2013,1320.73,1342.79
24.04.2013,1337.53,1378.03
25.04.2013,1368.05,1386.31
26.04.2013,1358.28,1375.73
29.04.2013,1360.54,1380.10
30.04.2013,1360.58,1389.76
02.05.2013,1369.52,1386.69
03.05.2013,1377.14,1408.05
06.05.2013,1406.20,1417.99
07.05.2013,1407.95,1431.06
08.05.2013,1421.41,1436.07
10.05.2013,1421.53,1446.34
13.05.2013,1409.34,1427.03
14.05.2013,1398.65,1421.14
15.05.2013,1384.97,1409.65
16.05.2013,1373.10,1395.17
17.05.2013,1372.57,1405.32
20.05.2013,1399.68,1413.42
21.05.2013,1399.41,1425.79
22.05.2013,1422.40,1453.69
23.05.2013,1393.12,1449.62
24.05.2013,1376.22,1404.88
27.05.2013,1373.20,1389.96
28.05.2013,1378.07,1404.42
29.05.2013,1360.89,1397.54
30.05.2013,1355.40,1373.37
31.05.2013,1340.39,1372.24
03.06.2013,1324.54,1353.47
04.06.2013,1337.44,1358.05
05.06.2013,1321.06,1343.45
06.06.2013,1314.38,1328.84
07.06.2013,1315.42,1347.81
10.06.2013,1328.38,1357.18
11.06.2013,1298.25,1340.78
13.06.2013,1271.39,1302.94
14.06.2013,1279.55,1306.61
17.06.2013,1298.56,1328.66
18.06.2013,1319.73,1342.28
19.06.2013,1316.88,1340.26
20.06.2013,1293.18,1325.64
21.06.2013,1290.47,1316.00
24.06.2013,1284.90,1304.70
25.06.2013,1287.93,1309.54
26.06.2013,1297.49,1325.79
27.06.2013,1305.03,1325.71
28.06.2013,1311.08,1330.81
01.07.2013,1319.81,1337.04
02.07.2013,1328.85,1339.92
03.07.2013,1324.27,1338.98
04.07.2013,1331.64,1349.85
05.07.2013,1340.22,1360.80
08.07.2013,1338.57,1351.71
09.07.2013,1342.51,1355.14
10.07.2013,1330.73,1349.64
11.07.2013,1332.26,1370.07
12.07.2013,1366.54,1398.48
15.07.2013,1393.40,1409.11
16.07.2013,1399.84,1416.97
17.07.2013,1407.15,1432.35
18.07.2013,1408.66,1439.60
19.07.2013,1408.90,1436.15
22.07.2013,1408.83,1429.36
23.07.2013,1415.48,1432.30
24.07.2013,1402.78,1419.31
25.07.2013,1396.11,1409.56
26.07.2013,1400.70,1410.44
29.07.2013,1397.93,1410.73
30.07.2013,1386.21,1409.21
31.07.2013,1375.38,1392.40
01.08.2013,1375.93,1400.15
02.08.2013,1383.28,1409.61
05.08.2013,1388.26,1400.24
06.08.2013,1363.51,1391.54
07.08.2013,1356.24,1375.09
08.08.2013,1353.71,1370.81
09.08.2013,1359.98,1384.93
12.08.2013,1378.93,1390.16
13.08.2013,1387.43,1409.91
14.08.2013,1407.00,1425.10
15.08.2013,1388.81,1424.17
16.08.2013,1372.03,1396.50
19.08.2013,1368.95,1384.33
20.08.2013,1365.22,1383.01
21.08.2013,1368.06,1390.29
22.08.2013,1368.06,1398.47
23.08.2013,1392.59,1401.67
26.08.2013,1382.60,1403.88
27.08.2013,1367.56,1387.21
28.08.2013,1355.70,1375.39
29.08.2013,1366.79,1380.61
30.08.2013,1357.93,1373.10
02.09.2013,1364.27,1373.73
03.09.2013,1366.99,1384.18
04.09.2013,1365.21,1376.42
05.09.2013,1373.29,1422.40
06.09.2013,1418.80,1448.75
09.09.2013,1421.45,1455.28
10.09.2013,1446.97,1464.20
11.09.2013,1449.58,1459.68
12.09.2013,1441.58,1461.20
13.09.2013,1434.74,1451.89
16.09.2013,1438.79,1470.65
17.09.2013,1461.86,1474.02
18.09.2013,1462.18,1482.59
19.09.2013,1463.80,1501.32
20.09.2013,1476.07,1488.50
23.09.2013,1463.61,1478.61
24.09.2013,1459.21,1472.11
25.09.2013,1459.13,1480.33
26.09.2013,1475.35,1490.02
27.09.2013,1468.35,1486.59
30.09.2013,1453.65,1474.57
01.10.2013,1460.09,1472.98
02.10.2013,1450.52,1474.90
03.10.2013,1452.25,1466.23
04.10.2013,1449.76,1474.42
07.10.2013,1462.85,1481.55
08.10.2013,1479.34,1505.73
09.10.2013,1495.13,1511.79
10.10.2013,1499.22,1523.22
11.10.2013,1507.06,1524.35
14.10.2013,1501.48,1511.81
15.10.2013,1510.01,1532.25
16.10.2013,1522.75,1537.08
17.10.2013,1505.89,1536.39
18.10.2013,1512.32,1537.28
21.10.2013,1526.62,1538.75
22.10.2013,1523.36,1535.99
23.10.2013,1503.88,1527.10
24.10.2013,1497.35,1510.38
25.10.2013,1493.18,1507.18
28.10.2013,1503.45,1520.53
29.10.2013,1506.65,1521.12
30.10.2013,1510.71,1527.40
31.10.2013,1498.39,1516.00
01.11.2013,1507.58,1517.25
05.11.2013,1505.22,1521.02
06.11.2013,1498.11,1510.42
07.11.2013,1495.98,1515.77
08.11.2013,1486.51,1508.61
11.11.2013,1482.84,1496.47
12.11.2013,1481.29,1500.84
13.11.2013,1464.59,1499.00
14.11.2013,1466.82,1494.74
15.11.2013,1488.56,1503.45
18.11.2013,1494.53,1511.20
19.11.2013,1505.52,1517.64
20.11.2013,1495.03,1511.16
21.11.2013,1489.98,1506.62
22.11.2013,1492.23,1506.11
25.11.2013,1501.58,1513.33
26.11.2013,1480.39,1503.70
27.11.2013,1473.23,1489.49
28.11.2013,1475.16,1487.50
29.11.2013,1467.32,1484.02
02.12.2013,1472.55,1488.97
03.12.2013,1441.36,1473.56
04.12.2013,1436.32,1455.82
05.12.2013,1427.88,1447.44
06.12.2013,1425.31,1451.05
09.12.2013,1444.94,1467.20
10.12.2013,1459.02,1471.29
11.12.2013,1451.00,1470.00
12.12.2013,1444.62,1465.25
13.12.2013,1449.21,1457.88
16.12.2013,1445.00,1470.62
17.12.2013,1468.22,1483.08
18.12.2013,1478.45,1488.27
19.12.2013,1485.48,1509.20
20.12.2013,1490.98,1502.86
23.12.2013,1495.22,1510.09
24.12.2013,1500.66,1510.90
25.12.2013,1500.49,1510.28
26.12.2013,1499.17,1506.74
27.12.2013,1494.33,1504.99
30.12.2013,1492.08,1504.85
06.01.2014,1464.97,1504.33
08.01.2014,1460.41,1470.25
09.01.2014,1460.81,1470.65
10.01.2014,1454.75,1470.73
13.01.2014,1466.51,1482.45
14.01.2014,1453.85,1477.59
15.01.2014,1469.76,1487.83
16.01.2014,1478.45,1492.58
17.01.2014,1475.23,1495.05
20.01.2014,1483.25,1498.37
21.01.2014,1495.92,1507.16
22.01.2014,1490.29,1505.31
23.01.2014,1495.90,1511.70
24.01.2014,1483.66,1497.76
27.01.2014,1476.06,1495.27
28.01.2014,1467.97,1486.09
29.01.2014,1459.87,1494.47
30.01.2014,1444.39,1473.45
31.01.2014,1448.36,1470.60
03.02.2014,1442.06,1463.54
04.02.2014,1426.29,1442.62
05.02.2014,1437.54,1460.75
06.02.2014,1454.43,1469.18
07.02.2014,1463.96,1480.60
10.02.2014,1475.63,1485.32
11.02.2014,1473.30,1488.95
12.02.2014,1484.42,1498.62
13.02.2014,1475.41,1498.08
14.02.2014,1478.77,1497.94
17.02.2014,1494.32,1515.30
18.02.2014,1500.39,1518.13
19.02.2014,1482.02,1507.97
20.02.2014,1467.52,1485.48
21.02.2014,1481.85,1492.45
24.02.2014,1480.03,1491.78
25.02.2014,1472.43,1495.13
26.02.2014,1465.16,1486.11
27.02.2014,1431.60,1476.26
28.02.2014,1429.25,1456.45
03.03.2014,1261.76,1438.02
04.03.2014,1288.78,1365.23
05.03.2014,1330.61,1364.25
06.03.2014,1301.96,1370.56
07.03.2014,1322.08,1359.45
11.03.2014,1304.35,1338.50
12.03.2014,1271.74,1307.08
13.03.2014,1247.70,1285.93
14.03.2014,1182.86,1248.29
17.03.2014,1237.52,1288.34
18.03.2014,1278.76,1340.16
19.03.2014,1312.50,1352.68
20.03.2014,1302.68,1325.61
21.03.2014,1270.55,1320.12
24.03.2014,1297.76,1332.95
25.03.2014,1288.97,1332.86
26.03.2014,1324.51,1359.88
27.03.2014,1321.19,1351.71
28.03.2014,1330.46,1353.88
31.03.2014,1343.27,1369.29
01.04.2014,1359.58,1378.55
02.04.2014,1358.46,1379.88
03.04.2014,1360.49,1382.08
04.04.2014,1361.61,1388.00
07.04.2014,1334.86,1380.15
08.04.2014,1334.63,1352.45
09.04.2014,1337.98,1355.77
10.04.2014,1348.21,1367.88
11.04.2014,1346.03,1371.12
14.04.2014,1336.98,1362.10
15.04.2014,1308.86,1347.88
16.04.2014,1300.75,1326.20
17.04.2014,1310.92,1336.24
18.04.2014,1330.57,1362.46
21.04.2014,1342.38,1359.21
22.04.2014,1327.04,1345.19
23.04.2014,1324.21,1335.65
24.04.2014,1289.85,1334.32
25.04.2014,1277.92,1300.53
28.04.2014,1260.39,1302.13
29.04.2014,1298.66,1318.36
30.04.2014,1296.24,1309.53
02.05.2014,1292.08,1306.44
05.05.2014,1289.80,1306.43
06.05.2014,1299.07,1321.49
07.05.2014,1312.62,1379.42
08.05.2014,1355.34,1383.84
12.05.2014,1362.93,1383.99
13.05.2014,1375.56,1395.22
14.05.2014,1378.39,1389.21
15.05.2014,1381.20,1399.52
16.05.2014,1374.24,1392.30
19.05.2014,1392.42,1418.88
20.05.2014,1406.85,1426.10
21.05.2014,1415.28,1441.93
22.05.2014,1420.49,1446.72
23.05.2014,1422.07,1440.80
26.05.2014,1438.31,1456.70
27.05.2014,1410.07,1449.57
28.05.2014,1408.77,1429.84
29.05.2014,1426.69,1449.63
30.05.2014,1432.03,1450.76
02.06.2014,1432.67,1475.11
03.06.2014,1449.78,1472.83
04.06.2014,1466.02,1482.68
05.06.2014,1465.87,1483.88
06.06.2014,1457.67,1486.59
09.06.2014,1484.27,1497.96
10.06.2014,1475.97,1490.81
11.06.2014,1487.42,1501.18
16.06.2014,1467.09,1501.17
17.06.2014,1479.97,1501.62
18.06.2014,1484.51,1500.39
19.06.2014,1493.52,1508.95
20.06.2014,1480.97,1496.00
23.06.2014,1478.63,1498.90
24.06.2014,1487.10,1519.09
25.06.2014,1479.28,1517.62
26.06.2014,1465.15,1489.68
27.06.2014,1467.94,1481.29
30.06.2014,1460.38,1478.43
01.07.2014,1461.45,1483.23
02.07.2014,1482.84,1514.33
03.07.2014,1510.66,1522.21
04.07.2014,1485.52,1516.36
07.07.2014,1484.27,1518.05
08.07.2014,1513.20,1532.08
09.07.2014,1496.79,1518.60
10.07.2014,1480.26,1521.88
11.07.2014,1488.84,1502.23
14.07.2014,1482.63,1502.68
15.07.2014,1471.95,1487.49
16.07.2014,1459.08,1482.60
17.07.2014,1429.08,1470.83
18.07.2014,1410.48,1440.54
21.07.2014,1384.50,1424.64
22.07.2014,1386.14,1414.21
23.07.2014,1395.74,1421.56
24.07.2014,1394.04,1410.75
25.07.2014,1386.14,1408.19
28.07.2014,1357.03,1387.14
29.07.2014,1356.62,1380.29
30.07.2014,1359.65,1403.60
31.07.2014,1376.48,1399.12
01.08.2014,1358.11,1378.10
04.08.2014,1365.01,1386.43
05.08.2014,1356.20,1383.36
06.08.2014,1333.37,1362.22
07.08.2014,1306.80,1340.84
08.08.2014,1329.10,1360.49
11.08.2014,1350.42,1379.22
12.08.2014,1368.10,1386.20
13.08.2014,1373.27,1402.38
14.08.2014,1391.65,1412.88
15.08.2014,1400.70,1425.76
18.08.2014,1415.35,1427.95
19.08.2014,1425.18,1441.42
20.08.2014,1432.63,1447.50
21.08.2014,1445.48,1469.44
22.08.2014,1434.09,1463.71
25.08.2014,1446.09,1456.72
26.08.2014,1441.42,1460.00
27.08.2014,1444.28,1454.96
28.08.2014,1414.18,1447.76
29.08.2014,1400.44,1428.72
01.09.2014,1389.77,1419.90
02.09.2014,1386.31,1401.68
03.09.2014,1400.44,1452.92
04.09.2014,1439.38,1462.03
05.09.2014,1446.95,1481.15
08.09.2014,1460.85,1478.26
09.09.2014,1465.13,1479.64
10.09.2014,1456.21,1472.23
11.09.2014,1449.10,1479.05
12.09.2014,1440.23,1470.49
15.09.2014,1441.26,1466.43
16.09.2014,1451.21,1483.66
17.09.2014,1437.73,1477.09
18.09.2014,1443.75,1460.13
19.09.2014,1423.44,1454.16
22.09.2014,1412.83,1436.21
23.09.2014,1413.49,1432.37
24.09.2014,1429.97,1447.44
25.09.2014,1435.31,1454.26
26.09.2014,1424.43,1440.87
29.09.2014,1405.94,1444.93
30.09.2014,1402.30,1428.09
01.10.2014,1399.61,1421.66
02.10.2014,1372.43,1400.79
03.10.2014,1375.66,1397.20
06.10.2014,1385.95,1424.35
07.10.2014,1399.51,1421.85
08.10.2014,1379.76,1403.56
09.10.2014,1379.89,1405.38
10.10.2014,1359.40,1382.17
13.10.2014,1358.01,1393.63
14.10.2014,1383.63,1408.56
15.10.2014,1374.51,1394.83
16.10.2014,1354.60,1393.40
17.10.2014,1362.06,1391.07
20.10.2014,1369.98,1395.92
21.10.2014,1361.53,1389.82
22.10.2014,1371.38,1392.42
23.10.2014,1355.24,1377.96
24.10.2014,1363.55,1381.83
27.10.2014,1381.95,1404.07
28.10.2014,1394.24,1422.75
29.10.2014,1411.00,1441.98
30.10.2014,1428.36,1456.88
31.10.2014,1453.89,1488.47
03.11.2014,1477.06,1495.86
05.11.2014,1471.25,1496.19
06.11.2014,1490.66,1521.14
07.11.2014,1486.37,1526.08
10.11.2014,1498.59,1518.73
11.11.2014,1511.53,1531.92
12.11.2014,1507.45,1524.72
13.11.2014,1492.27,1522.87
14.11.2014,1481.97,1507.93
17.11.2014,1494.81,1512.61
18.11.2014,1495.09,1524.80
19.11.2014,1513.68,1524.10
20.11.2014,1517.28,1535.97
21.11.2014,1515.01,1541.52
24.11.2014,1521.83,1541.75
25.11.2014,1516.18,1537.65
26.11.2014,1522.50,1537.43
27.11.2014,1528.06,1548.17
28.11.2014,1518.45,1540.07
01.12.2014,1525.35,1598.19
02.12.2014,1555.89,1596.96
03.12.2014,1578.93,1608.92
04.12.2014,1577.70,1623.02
05.12.2014,1528.65,1586.60
08.12.2014,1476.02,1551.66
09.12.2014,1459.77,1490.27
10.12.2014,1475.93,1514.63
11.12.2014,1442.79,1494.07
12.12.2014,1413.04,1488.40
15.12.2014,1402.83,1483.38
16.12.2014,1309.60,1484.06
17.12.2014,1389.63,1476.19
18.12.2014,1417.41,1506.13
19.12.2014,1417.68,1488.34
22.12.2014,1421.39,1466.34
23.12.2014,1391.38,1446.31
24.12.2014,1383.61,1411.56
25.12.2014,1383.91,1410.06
26.12.2014,1409.02,1432.41
29.12.2014,1409.10,1489.75
30.12.2014,1378.54,1430.01
05.01.2015,1390.53,1438.91
06.01.2015,1430.47,1481.35
08.01.2015,1481.93,1564.87
09.01.2015,1496.17,1557.96
12.01.2015,1503.49,1534.74
13.01.2015,1499.57,1543.59
14.01.2015,1524.69,1560.01
15.01.2015,1555.36,1586.22
16.01.2015,1551.01,1594.06
19.01.2015,1572.94,1627.53
20.01.2015,1561.80,1594.91
21.01.2015,1570.59,1619.32
22.01.2015,1618.52,1676.38
23.01.2015,1662.11,1700.78
26.01.2015,1622.02,1670.30
27.01.2015,1614.16,1681.46
28.01.2015,1643.42,1706.39
29.01.2015,1639.65,1675.57
30.01.2015,1631.55,1664.73
02.02.2015,1616.27,1663.94
03.02.2015,1626.65,1667.59
04.02.2015,1643.24,1665.09
05.02.2015,1642.51,1698.83
06.02.2015,1696.96,1762.39
09.02.2015,1740.58,1830.00
10.02.2015,1729.77,1774.06
11.02.2015,1744.86,1787.77
12.02.2015,1748.31,1816.76
13.02.2015,1802.88,1839.71
16.02.2015,1785.54,1848.15
17.02.2015,1781.80,1842.59
18.02.2015,1795.59,1833.14
19.02.2015,1757.33,1819.89
20.02.2015,1780.00,1809.24
24.02.2015,1754.81,1786.49
25.02.2015,1727.70,1773.73
26.02.2015,1735.27,1769.53
27.02.2015,1740.91,1769.22
02.03.2015,1759.18,1789.54
03.03.2015,1769.58,1825.94
04.03.2015,1756.33,1816.23
05.03.2015,1746.06,1792.04
06.03.2015,1723.09,1766.86
10.03.2015,1663.86,1726.86
11.03.2015,1655.32,1692.31
12.03.2015,1656.35,1681.09
13.03.2015,1621.86,1669.05
16.03.2015,1609.82,1636.16
17.03.2015,1603.78,1627.54
18.03.2015,1611.74,1640.27
19.03.2015,1607.25,1652.73
20.03.2015,1599.57,1641.84
23.03.2015,1597.64,1639.06
24.03.2015,1590.59,1623.88
25.03.2015,1595.90,1626.05
26.03.2015,1574.11,1633.27
27.03.2015,1569.61,1594.38
30.03.2015,1571.62,1615.55
31.03.2015,1606.24,1626.18
01.04.2015,1613.77,1663.17
02.04.2015,1656.23,1682.29
03.04.2015,1676.47,1692.95
06.04.2015,1679.30,1701.24
07.04.2015,1684.17,1709.88
08.04.2015,1669.88,1695.59
09.04.2015,1648.36,1683.10
10.04.2015,1635.85,1674.48
13.04.2015,1654.49,1694.94
14.04.2015,1641.80,1678.50
15.04.2015,1643.11,1681.83
16.04.2015,1661.38,1689.29
17.04.2015,1656.59,1694.08
20.04.2015,1655.75,1691.93
21.04.2015,1682.94,1711.34
22.04.2015,1669.11,1712.91
23.04.2015,1633.12,1678.58
24.04.2015,1657.66,1689.71
27.04.2015,1677.22,1698.65
28.04.2015,1667.34,1682.19
29.04.2015,1666.52,1694.28
30.04.2015,1668.50,1692.32
05.05.2015,1689.20,1734.34
06.05.2015,1697.86,1723.45
07.05.2015,1676.21,1713.09
08.05.2015,1684.09,1713.60
12.05.2015,1689.29,1720.01
13.05.2015,1681.08,1708.47
14.05.2015,1672.20,1694.79
15.05.2015,1677.77,1694.90
18.05.2015,1677.69,1696.49
19.05.2015,1646.85,1681.24
20.05.2015,1631.77,1662.19
21.05.2015,1632.43,1663.24
22.05.2015,1653.03,1667.92
25.05.2015,1641.96,1666.38
26.05.2015,1646.09,1666.87
27.05.2015,1637.42,1664.29
28.05.2015,1656.17,1678.64
29.05.2015,1609.19,1680.07
01.06.2015,1610.07,1640.93
02.06.2015,1612.78,1650.64
03.06.2015,1615.96,1653.53
04.06.2015,1627.02,1644.36
05.06.2015,1633.49,1652.07
08.06.2015,1642.19,1668.50
09.06.2015,1637.38,1666.06
10.06.2015,1650.89,1667.20
11.06.2015,1638.13,1654.91
15.06.2015,1629.81,1658.32
16.06.2015,1649.16,1674.11
17.06.2015,1661.75,1678.91
18.06.2015,1658.41,1671.88
19.06.2015,1655.53,1665.71
22.06.2015,1663.35,1679.42
23.06.2015,1656.39,1676.22
24.06.2015,1642.08,1664.57
25.06.2015,1631.99,1655.80
26.06.2015,1626.87,1647.81
29.06.2015,1625.71,1644.45
30.06.2015,1626.02,1655.25
01.07.2015,1638.44,1659.97
02.07.2015,1633.69,1646.96
03.07.2015,1625.42,1642.20
06.07.2015,1613.71,1627.71
07.07.2015,1606.28,1629.59
08.07.2015,1573.95,1616.60
09.07.2015,1595.02,1614.85
10.07.2015,1614.93,1625.59
13.07.2015,1617.17,1642.97
14.07.2015,1626.09,1647.01
15.07.2015,1626.17,1644.01
16.07.2015,1636.99,1652.97
17.07.2015,1646.37,1660.00
20.07.2015,1619.44,1652.05
21.07.2015,1618.58,1639.92
22.07.2015,1620.47,1635.63
23.07.2015,1614.97,1634.90
24.07.2015,1593.07,1622.30
27.07.2015,1570.46,1599.25
28.07.2015,1577.99,1610.70
29.07.2015,1600.31,1624.64
30.07.2015,1620.24,1638.51
31.07.2015,1630.18,1669.00
03.08.2015,1654.45,1676.26
04.08.2015,1659.16,1676.58
05.08.2015,1665.12,1696.80
06.08.2015,1670.57,1698.30
07.08.2015,1676.75,1695.39
10.08.2015,1674.35,1702.70
11.08.2015,1694.61,1721.32
12.08.2015,1683.30,1703.59
13.08.2015,1689.99,1713.25
14.08.2015,1699.32,1723.32
17.08.2015,1694.54,1714.94
18.08.2015,1685.83,1707.95
19.08.2015,1665.62,1701.42
20.08.2015,1668.66,1697.70
21.08.2015,1663.31,1695.48
24.08.2015,1603.72,1659.31
25.08.2015,1634.35,1672.38
26.08.2015,1633.45,1675.07
27.08.2015,1661.00,1697.22
28.08.2015,1690.32,1723.18
31.08.2015,1706.96,1733.17
01.09.2015,1689.24,1733.68
02.09.2015,1687.09,1716.97
03.09.2015,1690.83,1717.15
04.09.2015,1691.69,1712.74
07.09.2015,1695.62,1708.58
08.09.2015,1701.82,1732.63
09.09.2015,1715.73,1735.84
10.09.2015,1710.46,1730.10
11.09.2015,1713.03,1727.89
14.09.2015,1716.12,1740.22
15.09.2015,1708.46,1731.49
16.09.2015,1716.24,1734.05
17.09.2015,1722.44,1735.50
18.09.2015,1703.22,1739.55
21.09.2015,1697.30,1719.18
22.09.2015,1656.18,1702.47
23.09.2015,1638.18,1667.03
24.09.2015,1611.89,1641.77
25.09.2015,1621.43,1648.30
28.09.2015,1614.35,1643.94
29.09.2015,1606.83,1635.46
30.09.2015,1630.53,1654.38
01.10.2015,1616.85,1649.57
02.10.2015,1603.46,1630.77
05.10.2015,1612.71,1654.73
06.10.2015,1649.46,1670.69
07.10.2015,1656.38,1679.49
08.10.2015,1660.37,1691.95
09.10.2015,1690.62,1734.75
12.10.2015,1699.74,1739.29
13.10.2015,1697.54,1720.81
14.10.2015,1704.22,1731.57
15.10.2015,1722.68,1746.67
16.10.2015,1715.01,1746.07
19.10.2015,1702.40,1722.49
20.10.2015,1702.42,1722.62
21.10.2015,1702.14,1722.90
22.10.2015,1702.65,1718.82
23.10.2015,1710.36,1734.98
26.10.2015,1696.77,1731.60
27.10.2015,1692.28,1725.89
28.10.2015,1708.38,1727.39
29.10.2015,1707.12,1727.30
30.10.2015,1699.25,1723.04
02.11.2015,1701.25,1737.18
03.11.2015,1734.22,1766.85
05.11.2015,1762.01,1784.42
06.11.2015,1746.17,1778.18
09.11.2015,1742.36,1763.52
10.11.2015,1734.34,1754.61
11.11.2015,1733.61,1756.09
12.11.2015,1732.50,1750.71
13.11.2015,1723.42,1744.12
16.11.2015,1726.31,1751.67
17.11.2015,1740.82,1792.88
18.11.2015,1785.10,1820.38
19.11.2015,1805.41,1842.14
20.11.2015,1797.93,1831.77
23.11.2015,1811.85,1868.66
24.11.2015,1798.73,1873.53
25.11.2015,1808.88,1837.06
26.11.2015,1816.58,1850.39
27.11.2015,1790.68,1828.32
30.11.2015,1771.05,1807.57
01.12.2015,1763.05,1785.29
02.12.2015,1760.51,1793.27
03.12.2015,1764.86,1792.38
04.12.2015,1741.60,1798.91
07.12.2015,1735.01,1767.34
08.12.2015,1712.87,1741.79
09.12.2015,1719.44,1740.47
10.12.2015,1723.30,1747.56
11.12.2015,1711.81,1732.91
14.12.2015,1698.90,1721.48
15.12.2015,1708.89,1749.52
16.12.2015,1743.03,1759.09
17.12.2015,1754.74,1786.18
18.12.2015,1719.16,1779.42
21.12.2015,1710.32,1737.12
22.12.2015,1715.00,1729.08
23.12.2015,1718.65,1747.85
24.12.2015,1738.72,1757.50
25.12.2015,1728.27,1745.96
28.12.2015,1722.90,1736.19
29.12.2015,1727.05,1763.38
30.12.2015,1751.37,1770.79
04.01.2016,1731.40,1762.78
05.01.2016,1731.63,1754.33
06.01.2016,1738.84,1758.76
11.01.2016,1681.58,1748.06
12.01.2016,1660.15,1705.23
13.01.2016,1682.30,1709.08
14.01.2016,1658.80,1685.63
15.01.2016,1597.62,1686.85
18.01.2016,1583.02,1631.58
19.01.2016,1622.53,1675.01
20.01.2016,1601.64,1641.62
21.01.2016,1630.17,1684.08
22.01.2016,1682.89,1730.24
25.01.2016,1700.35,1726.96
26.01.2016,1695.66,1719.09
27.01.2016,1705.10,1747.57
28.01.2016,1739.80,1771.93
29.01.2016,1758.60,1788.29
01.02.2016,1760.22,1785.08
02.02.2016,1749.87,1785.75
03.02.2016,1744.73,1766.28
04.02.2016,1745.21,1792.48
05.02.2016,1772.26,1796.48
08.02.2016,1737.02,1784.56
09.02.2016,1715.00,1752.95
10.02.2016,1710.21,1740.72
11.02.2016,1688.06,1729.42
12.02.2016,1711.60,1733.67
15.02.2016,1726.08,1746.43
16.02.2016,1738.89,1758.19
17.02.2016,1750.04,1776.93
18.02.2016,1770.30,1807.55
19.02.2016,1778.96,1805.82
22.02.2016,1790.46,1825.00
24.02.2016,1784.54,1812.94
25.02.2016,1777.70,1819.19
26.02.2016,1811.66,1831.70
29.02.2016,1798.51,1841.56
01.03.2016,1838.41,1851.88
02.03.2016,1826.41,1856.08
03.03.2016,1836.07,1863.95
04.03.2016,1853.81,1878.29
07.03.2016,1883.38,1909.57
09.03.2016,1875.51,1906.99
10.03.2016,1875.62,1896.06
11.03.2016,1868.22,1888.77
14.03.2016,1857.19,1880.41
15.03.2016,1851.49,1879.00
16.03.2016,1852.92,1871.20
17.03.2016,1874.39,1900.12
18.03.2016,1885.15,1923.50
21.03.2016,1886.76,1906.34
22.03.2016,1888.59,1916.27
23.03.2016,1869.32,1906.38
24.03.2016,1857.27,1875.27
25.03.2016,1865.37,1879.79
28.03.2016,1844.73,1879.47
29.03.2016,1825.99,1850.93
30.03.2016,1847.78,1876.32
31.03.2016,1851.35,1876.55
01.04.2016,1833.61,1861.49
04.04.2016,1853.54,1876.08
05.04.2016,1847.62,1861.39
06.04.2016,1850.83,1867.96
07.04.2016,1848.19,1872.51
08.04.2016,1857.44,1879.64
11.04.2016,1872.50,1907.50
12.04.2016,1889.02,1910.59
13.04.2016,1903.47,1944.32
14.04.2016,1902.64,1948.84
15.04.2016,1899.29,1918.35
18.04.2016,1867.61,1896.36
19.04.2016,1892.96,1930.23
20.04.2016,1922.41,1961.60
21.04.2016,1931.66,1976.69
22.04.2016,1936.72,1967.26
25.04.2016,1944.94,1963.96
26.04.2016,1931.08,1956.54
27.04.2016,1921.58,1954.93
28.04.2016,1925.27,1969.89
29.04.2016,1941.25,1974.42
04.05.2016,1901.85,1957.18
05.05.2016,1902.66,1924.28
06.05.2016,1889.96,1906.34
10.05.2016,1874.50,1909.97
11.05.2016,1885.67,1916.34
12.05.2016,1900.08,1922.51
13.05.2016,1881.41,1907.19
16.05.2016,1909.18,1939.22
17.05.2016,1876.69,1915.19
18.05.2016,1899.12,1921.21
19.05.2016,1891.52,1913.70
20.05.2016,1882.16,1903.58
23.05.2016,1861.64,1889.11
24.05.2016,1868.70,1887.48
25.05.2016,1889.42,1910.70
26.05.2016,1895.63,1931.78
27.05.2016,1910.11,1930.80
30.05.2016,1918.76,1938.14
31.05.2016,1899.01,1939.84
01.06.2016,1888.88,1906.86
02.06.2016,1876.58,1898.90
03.06.2016,1877.89,1913.74
06.06.2016,1893.05,1920.91
07.06.2016,1914.56,1954.49
08.06.2016,1937.62,1960.75
09.06.2016,1927.72,1952.42
10.06.2016,1903.61,1930.26
14.06.2016,1875.27,1903.54
15.06.2016,1880.55,1898.31
16.06.2016,1853.36,1884.91
17.06.2016,1871.88,1896.28
20.06.2016,1889.26,1906.46
21.06.2016,1884.64,1910.25
22.06.2016,1892.16,1912.96
23.06.2016,1883.18,1919.27
24.06.2016,1846.91,1884.94
27.06.2016,1841.73,1887.75
28.06.2016,1844.80,1863.53
29.06.2016,1862.25,1888.15
30.06.2016,1879.33,1897.36
01.07.2016,1880.63,1900.41
04.07.2016,1896.40,1913.48
05.07.2016,1887.05,1904.06
06.07.2016,1871.47,1896.71
07.07.2016,1878.47,1901.57
08.07.2016,1860.55,1896.82
11.07.2016,1887.10,1914.31
12.07.2016,1911.91,1942.69
13.07.2016,1928.50,1945.76
14.07.2016,1921.75,1944.85
15.07.2016,1928.57,1943.63
18.07.2016,1920.18,1948.54
19.07.2016,1903.10,1929.11
20.07.2016,1896.00,1921.23
21.07.2016,1911.87,1930.79
22.07.2016,1922.85,1933.76
25.07.2016,1922.22,1942.98
26.07.2016,1917.96,1940.26
27.07.2016,1928.32,1941.15
28.07.2016,1932.63,1959.86
29.07.2016,1939.28,1955.07
01.08.2016,1941.58,1964.27
02.08.2016,1908.89,1946.65
03.08.2016,1902.74,1922.86
04.08.2016,1924.97,1945.14
05.08.2016,1931.01,1952.35
08.08.2016,1947.22,1956.99
09.08.2016,1948.89,1964.58
10.08.2016,1940.63,1959.99
11.08.2016,1933.27,1952.18
12.08.2016,1952.56,1968.18
15.08.2016,1964.84,1983.10
16.08.2016,1967.37,1994.33
17.08.2016,1959.44,1973.02
18.08.2016,1961.35,1976.71
19.08.2016,1959.72,1974.40
22.08.2016,1948.35,1979.09
23.08.2016,1973.43,1992.55
24.08.2016,1974.89,1989.43
25.08.2016,1969.53,1987.35
26.08.2016,1976.87,1997.10
29.08.2016,1970.53,1986.72
30.08.2016,1983.84,1999.14
31.08.2016,1966.88,1988.56
01.09.2016,1969.48,1982.26
02.09.2016,1976.62,2006.25
05.09.2016,2005.42,2019.65
06.09.2016,2017.50,2040.42
07.09.2016,2042.12,2060.03
08.09.2016,2041.01,2063.13
09.09.2016,2028.25,2045.04
12.09.2016,2004.43,2021.58
13.09.2016,2001.34,2026.57
14.09.2016,1995.70,2010.47
15.09.2016,1982.95,2004.65
16.09.2016,1967.31,2004.37
19.09.2016,1981.39,1993.49
20.09.2016,1969.41,1991.85
21.09.2016,1988.64,2004.10
22.09.2016,2001.07,2025.30
23.09.2016,1995.14,2022.28
26.09.2016,1993.33,2007.25
27.09.2016,1975.52,1999.93
28.09.2016,1975.84,1993.93
29.09.2016,1994.88,2006.59
30.09.2016,1975.23,1989.43
03.10.2016,1975.74,1993.55
04.10.2016,1975.96,1989.32
05.10.2016,1962.14,1985.05
06.10.2016,1967.75,1983.88
07.10.2016,1974.89,1993.65
10.10.2016,1977.43,2002.53
11.10.2016,1995.93,2006.66
12.10.2016,1986.70,2005.17
13.10.2016,1970.86,1990.39
14.10.2016,1962.35,1978.96
17.10.2016,1954.81,1965.83
18.10.2016,1958.28,1974.01
19.10.2016,1961.39,1973.24
20.10.2016,1956.61,1968.11
21.10.2016,1946.78,1960.56
24.10.2016,1957.65,1970.36
25.10.2016,1962.24,1987.07
26.10.2016,1967.87,1979.42
27.10.2016,1973.27,1986.53
28.10.2016,1975.48,1982.51
31.10.2016,1976.29,1992.48
01.11.2016,1991.70,2003.14
02.11.2016,1966.35,1990.22
03.11.2016,1957.53,1971.56
07.11.2016,1952.69,1970.61
08.11.2016,1959.79,1973.07
09.11.2016,1939.66,2011.81
10.11.2016,2016.96,2076.44
11.11.2016,2031.92,2054.42
14.11.2016,2017.22,2047.03
15.11.2016,2009.34,2032.04
16.11.2016,2022.89,2049.01
17.11.2016,2029.30,2045.65
18.11.2016,2036.29,2048.19
21.11.2016,2044.20,2059.67
22.11.2016,2057.70,2074.89
23.11.2016,2068.61,2085.75
24.11.2016,2086.56,2107.96
25.11.2016,2088.40,2106.60
28.11.2016,2086.36,2104.34
29.11.2016,2082.71,2098.00
30.11.2016,2085.84,2116.38
01.12.2016,2110.69,2128.70
02.12.2016,2114.91,2137.82
05.12.2016,2126.93,2163.39
06.12.2016,2151.07,2177.94
07.12.2016,2148.54,2165.21
08.12.2016,2167.93,2207.02
09.12.2016,2197.49,2220.01
12.12.2016,2210.06,2242.17
13.12.2016,2215.70,2247.02
14.12.2016,2215.11,2258.10
15.12.2016,2202.35,2240.14
16.12.2016,2229.30,2251.23
19.12.2016,2215.69,2235.12
20.12.2016,2207.39,2233.84
21.12.2016,2210.73,2237.60
22.12.2016,2172.37,2203.80
23.12.2016,2159.51,2188.99
26.12.2016,2172.26,2186.02
27.12.2016,2173.80,2190.91
28.12.2016,2182.98,2201.21
29.12.2016,2169.43,2210.49
30.12.2016,2206.04,2232.72
03.01.2017,2231.52,2293.99
04.01.2017,2251.75,2284.61
05.01.2017,2213.45,2270.94
06.01.2017,2195.44,2230.41
09.01.2017,2201.60,2227.88
10.01.2017,2205.87,2237.88
11.01.2017,2211.16,2239.87
12.01.2017,2205.55,2228.55
13.01.2017,2173.39,2217.47
16.01.2017,2180.78,2202.39
17.01.2017,2167.88,2195.36
18.01.2017,2165.32,2190.00
19.01.2017,2151.43,2178.22
20.01.2017,2147.19,2165.88
23.01.2017,2136.35,2160.13
24.01.2017,2147.51,2174.59
25.01.2017,2163.55,2178.92
26.01.2017,2179.34,2230.77
27.01.2017,2219.67,2266.05
30.01.2017,2231.40,2263.63
31.01.2017,2215.79,2240.57
01.02.2017,2214.00,2231.68
02.02.2017,2210.14,2236.80
03.02.2017,2213.22,2228.05
06.02.2017,2202.20,2230.86
07.02.2017,2201.22,2218.77
08.02.2017,2180.21,2217.37
09.02.2017,2160.42,2196.08
10.02.2017,2156.81,2182.18
13.02.2017,2150.52,2174.73
14.02.2017,2135.01,2162.13
15.02.2017,2109.93,2156.36
16.02.2017,2127.04,2148.48
17.02.2017,2125.45,2148.84
20.02.2017,2113.03,2136.80
21.02.2017,2111.55,2135.97
22.02.2017,2094.85,2130.80
24.02.2017,2081.35,2106.96
01.03.2017,2030.49,2063.67
02.03.2017,2044.25,2076.71
03.03.2017,2032.27,2056.89
06.03.2017,2045.28,2071.69
07.03.2017,2009.00,2048.98
09.03.2017,1971.73,2020.04
10.03.2017,1965.23,1989.06
13.03.2017,1968.61,2001.71
14.03.2017,1990.55,2018.42
15.03.2017,1989.12,2018.39
16.03.2017,1998.24,2021.05
17.03.2017,2013.82,2045.85
20.03.2017,2024.85,2051.50
21.03.2017,2040.55,2067.40
22.03.2017,2030.55,2061.53
23.03.2017,2040.18,2072.91
24.03.2017,2036.30,2052.90
27.03.2017,1997.92,2034.10
28.03.2017,2010.92,2032.54
29.03.2017,2013.13,2037.58
30.03.2017,2012.07,2026.94
31.03.2017,1992.95,2022.24
03.04.2017,1992.67,2014.18
04.04.2017,2005.61,2028.01
05.04.2017,2028.12,2057.03
06.04.2017,2043.42,2058.11
07.04.2017,2010.92,2048.63
11.04.2017,1965.80,1994.26
12.04.2017,1942.58,1986.56
13.04.2017,1916.67,1954.81
14.04.2017,1913.71,1943.65
17.04.2017,1902.48,1944.93
18.04.2017,1914.44,1949.52
19.04.2017,1911.35,1932.81
20.04.2017,1900.72,1932.25
21.04.2017,1932.82,1955.43
24.04.2017,1954.31,1979.76
25.04.2017,1969.04,2002.37
26.04.2017,1994.52,2031.08
27.04.2017,2005.35,2024.49
28.04.2017,2011.02,2031.06
02.05.2017,2020.55,2044.24
03.05.2017,1992.33,2027.65
04.05.2017,1989.44,2015.61
05.05.2017,1982.97,2002.41
10.05.2017,2005.40,2028.21
11.05.2017,1991.81,2028.58
12.05.2017,1983.83,2004.03
15.05.2017,1984.06,2008.11
16.05.2017,1987.21,2002.25
17.05.2017,1982.97,1999.56
18.05.2017,1961.20,1996.85
19.05.2017,1954.32,1977.03
22.05.2017,1941.78,1966.66
23.05.2017,1945.50,1966.19
24.05.2017,1936.99,1965.95
25.05.2017,1939.97,1960.95
26.05.2017,1930.76,1945.03
29.05.2017,1931.45,1945.82
30.05.2017,1927.28,1939.74
31.05.2017,1893.39,1936.65
01.06.2017,1862.60,1904.82
02.06.2017,1849.57,1881.97
05.06.2017,1871.29,1894.50
06.06.2017,1867.88,1882.94
07.06.2017,1867.97,1889.45
08.06.2017,1851.63,1874.45
09.06.2017,1866.30,1888.92
13.06.2017,1857.26,1871.29
14.06.2017,1834.51,1862.30
15.06.2017,1774.56,1833.42
16.06.2017,1811.45,1833.70
19.06.2017,1820.11,1851.70
20.06.2017,1846.70,1870.56
21.06.2017,1844.06,1861.03
22.06.2017,1836.02,1863.42
23.06.2017,1850.22,1876.36
26.06.2017,1857.03,1880.11
27.06.2017,1849.42,1884.41
28.06.2017,1864.88,1893.65
29.06.2017,1877.13,1902.80
30.06.2017,1877.57,1895.98
03.07.2017,1881.98,1902.59
04.07.2017,1899.17,1919.23
05.07.2017,1912.31,1924.53
06.07.2017,1911.96,1929.43
07.07.2017,1897.87,1914.29
10.07.2017,1908.99,1928.10
11.07.2017,1921.60,1937.80
12.07.2017,1938.36,1955.21
13.07.2017,1946.61,1962.16
17.07.2017,1949.55,1972.49
18.07.2017,1944.81,1966.86
19.07.2017,1925.70,1951.89
20.07.2017,1941.38,1959.33
21.07.2017,1921.00,1946.19
24.07.2017,1914.60,1934.25
25.07.2017,1913.24,1936.25
26.07.2017,1923.90,1938.56
27.07.2017,1935.12,1945.12
28.07.2017,1904.26,1940.79
31.07.2017,1904.56,1930.27
01.08.2017,1924.77,1948.62
02.08.2017,1940.77,1966.97
03.08.2017,1961.38,1976.36
04.08.2017,1950.57,1962.46
07.08.2017,1953.62,1970.96
08.08.2017,1969.75,1989.77
09.08.2017,1973.08,1987.95
10.08.2017,1959.05,1983.74
11.08.2017,1933.69,1953.56
14.08.2017,1946.67,1960.38
15.08.2017,1938.58,1952.60
16.08.2017,1941.07,1957.62
17.08.2017,1936.95,1947.95
18.08.2017,1921.34,1937.51
21.08.2017,1932.25,1943.78
22.08.2017,1938.90,1948.28
23.08.2017,1944.30,1958.58
24.08.2017,1958.83,1973.50
25.08.2017,1973.39,1981.79
28.08.2017,1972.76,1987.23
29.08.2017,1967.11,1989.12
30.08.2017,1988.78,2009.29
31.08.2017,2001.66,2030.86
01.09.2017,2008.49,2030.37
04.09.2017,1999.84,2012.29
05.09.2017,1995.94,2014.03
06.09.2017,1992.68,2015.63
07.09.2017,2010.17,2025.37
08.09.2017,2010.55,2037.48
11.09.2017,2032.92,2049.07
12.09.2017,2044.07,2059.96
13.09.2017,2054.19,2072.96
14.09.2017,2036.22,2055.93
15.09.2017,2041.28,2061.60
18.09.2017,2053.60,2062.75
19.09.2017,2046.61,2059.16
20.09.2017,2044.23,2058.08
21.09.2017,2051.68,2066.41
22.09.2017,2046.35,2059.01
25.09.2017,2046.01,2070.82
26.09.2017,2070.49,2086.65
27.09.2017,2065.79,2085.14
28.09.2017,2068.54,2084.39
29.09.2017,2068.39,2077.28
02.10.2017,2072.72,2083.43
03.10.2017,2072.83,2084.03
04.10.2017,2068.73,2080.05
05.10.2017,2071.19,2088.64
06.10.2017,2089.39,2103.05
09.10.2017,2086.74,2100.29
10.10.2017,2084.49,2096.35
11.10.2017,2087.07,2103.29
12.10.2017,2090.86,2101.33
13.10.2017,2092.40,2105.64
16.10.2017,2098.07,2106.39
17.10.2017,2086.41,2106.49
18.10.2017,2086.45,2101.35
19.10.2017,2071.60,2099.66
20.10.2017,2067.91,2079.64
23.10.2017,2060.43,2078.59
24.10.2017,2057.69,2066.21
25.10.2017,2048.78,2073.44
26.10.2017,2038.26,2053.53
27.10.2017,2050.35,2068.76
30.10.2017,2064.74,2076.96
31.10.2017,2064.31,2079.28
01.11.2017,2068.26,2089.83
02.11.2017,2065.69,2080.53
03.11.2017,2073.17,2096.04
07.11.2017,2092.78,2155.55
08.11.2017,2144.98,2178.42
09.11.2017,2156.48,2183.61
10.11.2017,2166.68,2190.56
13.11.2017,2167.63,2191.71
14.11.2017,2166.11,2185.56
15.11.2017,2131.75,2162.41
16.11.2017,2112.20,2147.83
17.11.2017,2127.95,2139.43
20.11.2017,2123.76,2139.91
21.11.2017,2132.50,2155.82
22.11.2017,2151.30,2168.01
23.11.2017,2143.06,2160.64
24.11.2017,2144.62,2163.61
27.11.2017,2139.12,2164.32
28.11.2017,2126.06,2149.45
29.11.2017,2120.24,2150.88
30.11.2017,2092.20,2123.18
01.12.2017,2091.89,2109.33
04.12.2017,2087.37,2123.08
05.12.2017,2099.77,2117.70
06.12.2017,2102.90,2126.16
07.12.2017,2100.87,2120.83
08.12.2017,2097.29,2118.71
11.12.2017,2104.62,2148.60
12.12.2017,2142.06,2160.75
13.12.2017,2127.10,2158.25
14.12.2017,2127.74,2152.41
15.12.2017,2135.85,2151.23
18.12.2017,2122.05,2155.92
19.12.2017,2112.99,2139.27
20.12.2017,2101.93,2120.57
21.12.2017,2082.29,2103.62
22.12.2017,2089.60,2109.44
25.12.2017,2100.76,2115.68
26.12.2017,2086.61,2107.48
27.12.2017,2091.94,2108.74
28.12.2017,2088.67,2106.25
29.12.2017,2091.93,2110.90
03.01.2018,2111.24,2152.97
04.01.2018,2153.87,2197.60
05.01.2018,2188.37,2204.25
09.01.2018,2211.40,2242.87
10.01.2018,2213.77,2233.63
11.01.2018,2221.61,2246.82
12.01.2018,2234.42,2262.38
15.01.2018,2259.66,2280.17
16.01.2018,2232.92,2265.64
17.01.2018,2231.70,2277.89
18.01.2018,2279.34,2299.64
19.01.2018,2273.24,2306.79
22.01.2018,2285.32,2308.61
23.01.2018,2281.52,2315.77
24.01.2018,2283.20,2306.99
25.01.2018,2307.62,2328.48
26.01.2018,2281.71,2317.15
29.01.2018,2280.92,2303.49
30.01.2018,2264.16,2301.98
31.01.2018,2266.95,2295.88
01.02.2018,2288.31,2313.21
02.02.2018,2272.84,2309.60
05.02.2018,2255.43,2281.97
06.02.2018,2222.85,2258.79
07.02.2018,2247.99,2267.35
08.02.2018,2227.24,2259.40
09.02.2018,2181.96,2217.89
12.02.2018,2206.28,2229.81
13.02.2018,2220.69,2250.63
14.02.2018,2232.96,2259.06
15.02.2018,2265.45,2280.27
16.02.2018,2248.30,2283.65
19.02.2018,2251.18,2266.89
20.02.2018,2254.92,2271.37
21.02.2018,2265.85,2320.32
22.02.2018,2307.28,2336.82
26.02.2018,2346.73,2376.96
27.02.2018,2333.38,2357.10
28.02.2018,2296.80,2338.26
01.03.2018,2281.22,2306.51
02.03.2018,2263.77,2301.77
05.03.2018,2291.90,2317.01
06.03.2018,2302.11,2325.16
07.03.2018,2269.90,2299.38
09.03.2018,2286.23,2311.69
12.03.2018,2309.60,2326.41
13.03.2018,2305.25,2326.06
14.03.2018,2275.24,2316.60
15.03.2018,2262.21,2284.79
16.03.2018,2255.95,2294.60
19.03.2018,2279.50,2302.78
20.03.2018,2263.48,2293.85
21.03.2018,2290.18,2316.08
22.03.2018,2279.63,2317.38
23.03.2018,2259.78,2288.15
26.03.2018,2240.85,2285.15
27.03.2018,2243.08,2271.62
28.03.2018,2241.07,2260.18
29.03.2018,2251.61,2274.62
30.03.2018,2270.98,2281.54
02.04.2018,2256.64,2294.08
03.04.2018,2245.83,2264.07
04.04.2018,2248.48,2273.53
05.04.2018,2270.16,2297.69
06.04.2018,2274.91,2293.99
09.04.2018,2065.32,2272.40
10.04.2018,2083.30,2199.44
11.04.2018,2162.71,2231.26
12.04.2018,2173.60,2220.83
13.04.2018,2167.90,2219.10
16.04.2018,2141.17,2179.75
17.04.2018,2165.21,2191.19
18.04.2018,2191.67,2246.60
19.04.2018,2219.49,2265.92
20.04.2018,2222.81,2242.72
23.04.2018,2212.16,2250.99
24.04.2018,2245.57,2270.61
25.04.2018,2229.66,2253.50
26.04.2018,2253.92,2286.73
27.04.2018,2281.49,2302.54
30.04.2018,2289.33,2322.38
02.05.2018,2298.52,2317.43
03.05.2018,2274.07,2313.85
04.05.2018,2278.90,2294.35
07.05.2018,2292.63,2313.73
08.05.2018,2277.17,2301.99
10.05.2018,2303.15,2322.45
11.05.2018,2317.53,2346.98
14.05.2018,2326.27,2358.59
15.05.2018,2330.59,2354.11
16.05.2018,2328.86,2350.49
17.05.2018,2323.51,2346.04
18.05.2018,2321.93,2338.94
21.05.2018,2328.42,2347.93
22.05.2018,2317.78,2336.77
23.05.2018,2294.98,2318.77
24.05.2018,2289.68,2310.08
25.05.2018,2296.91,2316.13
28.05.2018,2301.82,2314.48
29.05.2018,2285.41,2316.59
30.05.2018,2289.21,2307.82
31.05.2018,2289.65,2315.15
01.06.2018,2292.97,2311.95
04.06.2018,2299.65,2324.20
05.06.2018,2310.82,2329.03
06.06.2018,2302.70,2322.05
07.06.2018,2316.07,2326.44
08.06.2018,2267.92,2316.92
09.06.2018,2268.99,2284.13
11.06.2018,2260.40,2285.14
13.06.2018,2268.36,2283.73
14.06.2018,2247.96,2269.10
15.06.2018,2235.93,2261.74
18.06.2018,2216.21,2241.30
19.06.2018,2192.63,2228.84
20.06.2018,2226.49,2263.76
21.06.2018,2243.71,2268.93
22.06.2018,2236.44,2262.18
25.06.2018,2232.82,2255.69
26.06.2018,2229.47,2253.30
27.06.2018,2223.28,2265.33
28.06.2018,2246.92,2264.76
29.06.2018,2261.58,2295.95
02.07.2018,2287.85,2327.72
03.07.2018,2296.92,2320.41
04.07.2018,2299.45,2309.57
05.07.2018,2293.78,2346.86
06.07.2018,2319.94,2350.97
09.07.2018,2351.69,2375.83
10.07.2018,2359.16,2379.33
11.07.2018,2326.24,2355.79
12.07.2018,2307.95,2336.52
13.07.2018,2324.90,2346.43
16.07.2018,2321.33,2352.30
17.07.2018,2293.76,2325.28
18.07.2018,2284.45,2303.39
19.07.2018,2262.99,2297.15
20.07.2018,2239.77,2274.66
23.07.2018,2250.57,2273.13
24.07.2018,2263.36,2281.62
25.07.2018,2258.31,2285.22
26.07.2018,2283.01,2300.05
27.07.2018,2275.23,2298.07
30.07.2018,2276.68,2298.76
31.07.2018,2286.84,2321.11
01.08.2018,2307.99,2326.36
02.08.2018,2288.11,2321.78
03.08.2018,2277.30,2299.08
06.08.2018,2286.88,2310.96
07.08.2018,2301.21,2320.38
08.08.2018,2275.15,2310.65
09.08.2018,2257.51,2309.58
10.08.2018,2259.67,2308.46
13.08.2018,2255.75,2298.36
14.08.2018,2268.92,2305.88
15.08.2018,2246.45,2282.34
16.08.2018,2249.77,2273.44
17.08.2018,2247.45,2268.89
20.08.2018,2265.19,2279.52
21.08.2018,2259.81,2291.76
22.08.2018,2278.23,2306.10
23.08.2018,2258.11,2303.47
24.08.2018,2240.71,2281.74
27.08.2018,2281.87,2312.93
28.08.2018,2310.99,2323.45
29.08.2018,2316.66,2348.44
30.08.2018,2325.80,2359.58
31.08.2018,2310.78,2345.85
03.09.2018,2339.39,2353.09
04.09.2018,2332.34,2358.88
05.09.2018,2321.33,2341.37
06.09.2018,2320.08,2342.02
07.09.2018,2305.27,2330.84
10.09.2018,2320.04,2335.85
11.09.2018,2314.80,2345.65
12.09.2018,2328.28,2350.00
13.09.2018,2339.40,2373.61
14.09.2018,2345.51,2369.06
17.09.2018,2350.09,2373.76
18.09.2018,2372.00,2402.58
19.09.2018,2396.18,2416.53
20.09.2018,2400.89,2434.94
21.09.2018,2401.00,2426.80
24.09.2018,2417.45,2432.64
25.09.2018,2420.30,2444.65
26.09.2018,2421.45,2449.42
